Including additional Spack variants: +mcs +certs
⚠️  Note: This may increase build time and image size.
Starting build for Slurm SlurmVersion.v25_05 with additional variants: +mcs +certs
Building with --no-cache (fresh build)
Starting Slurm build process for version 25.05
Building Docker image and container slurm-factory-25-05-5f645ed7...
Creating slurm package in Docker container...
🗑️  Performing fresh build - cleaning all caches...
Pruning Docker build cache...
Clearing cache directory for fresh build...
✓ Cleared cache directory: /home/bdx/.slurm-factory
Stage 1/2: Building Slurm with Spack...
Building Docker image slurm-factory:build-25-05-5f645ed7-builder...
Building without cache (this may take longer)
Building target stage: builder
  #0 building with "default" instance using docker driver
  #1 [internal] load build definition from Dockerfile
  #1 transferring dockerfile: 17.76kB done
  #1 DONE 0.0s
  #2 [internal] load metadata for docker.io/library/ubuntu:24.04
  #2 DONE 0.3s
  #3 [internal] load .dockerignore
  #3 transferring context: 2B done
  #3 DONE 0.0s
  #4 [1/9] FROM docker.io/library/ubuntu:24.04@sha256:66460d557b25769b102175144d538d88219c077c678a49af4afca6fbfc1b5252
  #4 CACHED
  #5 [2/9] RUN apt-get update && apt-get upgrade -y &&             apt-get install -y             git             build-essential             python3             unzip             gfortran             autoconf             automake             libtool             bison             flex             cmake             make             m4             pkg-config             ccache             findutils             diffutils             tar             gawk             gettext             lmod             ca-certificates             curl             wget &&             apt-get clean &&
rm -rf /var/lib/apt/lists/*
  #5 0.583 Get:1 http://security.ubuntu.com/ubuntu noble-security InRelease [126 kB]
  #5 0.608 Get:2 http://archive.ubuntu.com/ubuntu noble InRelease [256 kB]
  #5 1.240 Get:3 http://security.ubuntu.com/ubuntu noble-security/multiverse amd64 Packages [33.1 kB]
  #5 1.379 Get:4 http://archive.ubuntu.com/ubuntu noble-updates InRelease [126 kB]
  #5 1.415 Get:5 http://security.ubuntu.com/ubuntu noble-security/universe amd64 Packages [1167 kB]
  #5 1.571 Get:6 http://archive.ubuntu.com/ubuntu noble-backports InRelease [126 kB]
  #5 1.763 Get:7 http://archive.ubuntu.com/ubuntu noble/universe amd64 Packages [19.3 MB]
  #5 1.909 Get:8 http://security.ubuntu.com/ubuntu noble-security/main amd64 Packages [1587 kB]
  #5 2.087 Get:9 http://security.ubuntu.com/ubuntu noble-security/restricted amd64 Packages [2624 kB]
  #5 2.862 Get:10 http://archive.ubuntu.com/ubuntu noble/multiverse amd64 Packages [331 kB]
  #5 2.870 Get:11 http://archive.ubuntu.com/ubuntu noble/main amd64 Packages [1808 kB]
  #5 2.933 Get:12 http://archive.ubuntu.com/ubuntu noble/restricted amd64 Packages [117 kB]
  #5 2.934 Get:13 http://archive.ubuntu.com/ubuntu noble-updates/universe amd64 Packages [1937 kB]
  #5 2.994 Get:14 http://archive.ubuntu.com/ubuntu noble-updates/multiverse amd64 Packages [35.9 kB]
  #5 2.994 Get:15 http://archive.ubuntu.com/ubuntu noble-updates/restricted amd64 Packages [2744 kB]
  #5 3.085 Get:16 http://archive.ubuntu.com/ubuntu noble-updates/main amd64 Packages [1944 kB]
  #5 3.153 Get:17 http://archive.ubuntu.com/ubuntu noble-backports/universe amd64 Packages [33.9 kB]
  #5 3.154 Get:18 http://archive.ubuntu.com/ubuntu noble-backports/main amd64 Packages [49.4 kB]
  #5 3.399 Fetched 34.4 MB in 3s (10.5 MB/s)
  #5 3.399 Reading package lists...
  #5 3.850 Reading package lists...
  #5 4.285 Building dependency tree...
  #5 4.381 Reading state information...
  #5 4.399 Calculating upgrade...
  #5 4.504 The following packages will be upgraded:
  #5 4.504   libsystemd0 libudev1
  #5 4.813 2 upgraded, 0 newly installed, 0 to remove and 0 not upgraded.
  #5 4.813 Need to get 611 kB of archives.
  #5 4.813 After this operation, 0 B of additional disk space will be used.
  #5 4.813 Get:1 http://archive.ubuntu.com/ubuntu noble-updates/main amd64 libsystemd0 amd64 255.4-1ubuntu8.11 [434 kB]
  #5 5.746 Get:2 http://archive.ubuntu.com/ubuntu noble-updates/main amd64 libudev1 amd64 255.4-1ubuntu8.11 [176 kB]
  #5 5.854 debconf: delaying package configuration, since apt-utils is not installed
  #5 5.874 Fetched 611 kB in 1s (479 kB/s)
  #5 5.888 (Reading database ...
  (Reading database ... 5%
  (Reading database ... 10%
  (Reading database ... 15%
  (Reading database ... 20%
  (Reading database ... 25%
  (Reading database ... 30%
  (Reading database ... 35%
  (Reading database ... 40%
  (Reading database ... 45%
  (Reading database ... 50%
  (Reading database ... 55%
  (Reading database ... 60%
  (Reading database ... 65%
  (Reading database ... 70%
  (Reading database ... 75%
  (Reading database ... 80%
  (Reading database ... 85%
  (Reading database ... 90%
  (Reading database ... 95%
  (Reading database ... 100%
  (Reading database ... 4381 files and directories currently installed.)
  #5 5.891 Preparing to unpack .../libsystemd0_255.4-1ubuntu8.11_amd64.deb ...
  #5 5.894 Unpacking libsystemd0:amd64 (255.4-1ubuntu8.11) over (255.4-1ubuntu8.10) ...
  #5 5.918 Setting up libsystemd0:amd64 (255.4-1ubuntu8.11) ...
  #5 5.933 (Reading database ...
  (Reading database ... 5%
  (Reading database ... 10%
  (Reading database ... 15%
  (Reading database ... 20%
  (Reading database ... 25%
  (Reading database ... 30%
  (Reading database ... 35%
  (Reading database ... 40%
  (Reading database ... 45%
  (Reading database ... 50%
  (Reading database ... 55%
  (Reading database ... 60%
  (Reading database ... 65%
  (Reading database ... 70%
  (Reading database ... 75%
  (Reading database ... 80%
  (Reading database ... 85%
  (Reading database ... 90%
  (Reading database ... 95%
  (Reading database ... 100%
  (Reading database ... 4381 files and directories currently installed.)
  #5 5.936 Preparing to unpack .../libudev1_255.4-1ubuntu8.11_amd64.deb ...
  #5 5.938 Unpacking libudev1:amd64 (255.4-1ubuntu8.11) over (255.4-1ubuntu8.10) ...
  #5 5.954 Setting up libudev1:amd64 (255.4-1ubuntu8.11) ...
  #5 5.962 Processing triggers for libc-bin (2.39-0ubuntu8.6) ...
  #5 5.988 Reading package lists...
  #5 6.435 Building dependency tree...
  #5 6.562 Reading state information...
  #5 6.655 findutils is already the newest version (4.9.0-5build1).
  #5 6.655 diffutils is already the newest version (1:3.10-1build1).
  #5 6.655 tar is already the newest version (1.35+dfsg-3build1).
  #5 6.655 The following additional packages will be installed:
  #5 6.655   adduser autotools-dev binutils binutils-common binutils-x86-64-linux-gnu
  #5 6.655   bzip2 cmake-data cpp cpp-13 cpp-13-x86-64-linux-gnu cpp-x86-64-linux-gnu
  #5 6.655   dirmngr dpkg-dev fakeroot file fontconfig-config fonts-dejavu-core
  #5 6.655   fonts-dejavu-mono g++ g++-13 g++-13-x86-64-linux-gnu g++-x86-64-linux-gnu
  #5 6.655   gcc gcc-13 gcc-13-base gcc-13-x86-64-linux-gnu gcc-x86-64-linux-gnu
  #5 6.655   gettext-base gfortran-13 gfortran-13-x86-64-linux-gnu
  #5 6.655   gfortran-x86-64-linux-gnu git-man gnupg gnupg-l10n gnupg-utils gpg gpg-agent
  #5 6.655   gpg-wks-client gpgconf gpgsm keyboxd krb5-locales less
  #5 6.655   libalgorithm-diff-perl libalgorithm-diff-xs-perl libalgorithm-merge-perl
  #5 6.655   libaom3 libarchive13t64 libasan8 libatomic1 libbinutils libbrotli1 libbsd0
  #5 6.655   libc-dev-bin libc-devtools libc6-dev libcbor0.10 libcc1-0 libcrypt-dev
  #5 6.655   libctf-nobfd0 libctf0 libcurl3t64-gnutls libcurl4t64 libde265-0 libdeflate0
  #5 6.655   libdpkg-perl libedit2 liberror-perl libexpat1 libfakeroot libfido2-1
  #5 6.655   libfile-fcntllock-perl libfl-dev libfl2 libfontconfig1 libfreetype6
  #5 6.655   libgcc-13-dev libgd3 libgdbm-compat4t64 libgdbm6t64 libgfortran-13-dev
  #5 6.655   libgfortran5 libgomp1 libgprofng0 libgssapi-krb5-2 libheif-plugin-aomdec
  #5 6.655   libheif-plugin-aomenc libheif-plugin-libde265 libheif1 libhiredis1.1.0
  #5 6.655   libhwasan0 libicu74 libisl23 libitm1 libjansson4 libjbig0 libjpeg-turbo8
  #5 6.655   libjpeg8 libjsoncpp25 libk5crypto3 libkeyutils1 libkrb5-3 libkrb5support0
  #5 6.655   libksba8 libldap-common libldap2 liblerc4 liblocale-gettext-perl liblsan0
  #5 6.655   libltdl-dev libltdl7 libmagic-mgc libmagic1t64 libmpc3 libmpfr6
  #5 6.655   libnghttp2-14 libperl5.38t64 libpkgconf3 libpng16-16t64 libpsl5t64
  #5 6.655   libpython3-stdlib libpython3.12-minimal libpython3.12-stdlib libquadmath0
  #5 6.655   libreadline8t64 librhash0 librtmp1 libsasl2-2 libsasl2-modules
  #5 6.655   libsasl2-modules-db libsframe1 libsharpyuv0 libsigsegv2 libsqlite3-0
  #5 6.655   libssh-4 libstdc++-13-dev libtcl8.6 libtiff6 libtsan2 libubsan1 libuv1t64
  #5 6.655   libwebp7 libx11-6 libx11-data libxau6 libxcb1 libxdmcp6 libxext6 libxml2
  #5 6.655   libxmuu1 libxpm4 linux-libc-dev lto-disabled-list lua-bit32 lua-filesystem
  #5 6.655   lua-json lua-lpeg lua-posix lua-term lua5.3 manpages manpages-dev
  #5 6.655   media-types netbase openssh-client openssl patch perl perl-modules-5.38
  #5 6.655   pinentry-curses pkgconf pkgconf-bin publicsuffix python3-minimal python3.12
  #5 6.655   python3.12-minimal readline-common rpcsvc-proto tcl tcl8.6 tzdata xauth
  #5 6.655   xz-utils
  #5 6.656 Suggested packages:
  #5 6.656   cron quota ecryptfs-utils autoconf-archive gnu-standards autoconf-doc
  #5 6.656   binutils-doc gprofng-gui bison-doc bzip2-doc distcc | icecc cmake-doc
  #5 6.656   cmake-format elpa-cmake-mode ninja-build cpp-doc gcc-13-locales cpp-13-doc
  #5 6.656   dbus-user-session libpam-systemd pinentry-gnome3 tor debian-keyring flex-doc
  #5 6.656   g++-multilib g++-13-multilib gcc-13-doc gawk-doc gcc-multilib gdb gcc-doc
  #5 6.656   gcc-13-multilib gdb-x86-64-linux-gnu autopoint gettext-doc libasprintf-dev
  #5 6.656   libgettextpo-dev gfortran-multilib gfortran-doc gfortran-13-multilib
  #5 6.656   gfortran-13-doc libcoarrays-dev git-daemon-run | git-daemon-sysvinit git-doc
  #5 6.656   git-email git-gui gitk gitweb git-cvs git-mediawiki git-svn parcimonie
  #5 6.656   xloadimage gpg-wks-server scdaemon lrzip glibc-doc bzr libgd-tools gdbm-l10n
  #5 6.656   krb5-doc krb5-user libheif-plugin-x265 libheif-plugin-ffmpegdec
  #5 6.656   libheif-plugin-jpegdec libheif-plugin-jpegenc libheif-plugin-j2kdec
  #5 6.656   libheif-plugin-j2kenc libheif-plugin-rav1e libheif-plugin-svtenc libtool-doc
  #5 6.656   libsasl2-modules-gssapi-mit | libsasl2-modules-gssapi-heimdal
  #5 6.656   libsasl2-modules-ldap libsasl2-modules-otp libsasl2-modules-sql
  #5 6.656   libstdc++-13-doc gcj-jdk lmod-doc m4-doc make-doc man-browser keychain
  #5 6.656   libpam-ssh monkeysphere ssh-askpass ed diffutils-doc perl-doc
  #5 6.656   libterm-readline-gnu-perl | libterm-readline-perl-perl
  #5 6.656   libtap-harness-archive-perl pinentry-doc python3-doc python3-tk python3-venv
  #5 6.656   python3.12-venv python3.12-doc binfmt-support readline-doc tcl-tclreadline
  #5 6.656   zip
  #5 6.812 The following NEW packages will be installed:
  #5 6.812   adduser autoconf automake autotools-dev binutils binutils-common
  #5 6.812   binutils-x86-64-linux-gnu bison build-essential bzip2 ca-certificates ccache
  #5 6.812   cmake cmake-data cpp cpp-13 cpp-13-x86-64-linux-gnu cpp-x86-64-linux-gnu
  #5 6.812   curl dirmngr dpkg-dev fakeroot file flex fontconfig-config fonts-dejavu-core
  #5 6.812   fonts-dejavu-mono g++ g++-13 g++-13-x86-64-linux-gnu g++-x86-64-linux-gnu
  #5 6.812   gawk gcc gcc-13 gcc-13-base gcc-13-x86-64-linux-gnu gcc-x86-64-linux-gnu
  #5 6.812   gettext gettext-base gfortran gfortran-13 gfortran-13-x86-64-linux-gnu
  #5 6.812   gfortran-x86-64-linux-gnu git git-man gnupg gnupg-l10n gnupg-utils gpg
  #5 6.812   gpg-agent gpg-wks-client gpgconf gpgsm keyboxd krb5-locales less
  #5 6.812   libalgorithm-diff-perl libalgorithm-diff-xs-perl libalgorithm-merge-perl
  #5 6.812   libaom3 libarchive13t64 libasan8 libatomic1 libbinutils libbrotli1 libbsd0
  #5 6.812   libc-dev-bin libc-devtools libc6-dev libcbor0.10 libcc1-0 libcrypt-dev
  #5 6.812   libctf-nobfd0 libctf0 libcurl3t64-gnutls libcurl4t64 libde265-0 libdeflate0
  #5 6.812   libdpkg-perl libedit2 liberror-perl libexpat1 libfakeroot libfido2-1
  #5 6.812   libfile-fcntllock-perl libfl-dev libfl2 libfontconfig1 libfreetype6
  #5 6.812   libgcc-13-dev libgd3 libgdbm-compat4t64 libgdbm6t64 libgfortran-13-dev
  #5 6.812   libgfortran5 libgomp1 libgprofng0 libgssapi-krb5-2 libheif-plugin-aomdec
  #5 6.812   libheif-plugin-aomenc libheif-plugin-libde265 libheif1 libhiredis1.1.0
  #5 6.812   libhwasan0 libicu74 libisl23 libitm1 libjansson4 libjbig0 libjpeg-turbo8
  #5 6.812   libjpeg8 libjsoncpp25 libk5crypto3 libkeyutils1 libkrb5-3 libkrb5support0
  #5 6.812   libksba8 libldap-common libldap2 liblerc4 liblocale-gettext-perl liblsan0
  #5 6.812   libltdl-dev libltdl7 libmagic-mgc libmagic1t64 libmpc3 libmpfr6
  #5 6.812   libnghttp2-14 libperl5.38t64 libpkgconf3 libpng16-16t64 libpsl5t64
  #5 6.812   libpython3-stdlib libpython3.12-minimal libpython3.12-stdlib libquadmath0
  #5 6.812   libreadline8t64 librhash0 librtmp1 libsasl2-2 libsasl2-modules
  #5 6.812   libsasl2-modules-db libsframe1 libsharpyuv0 libsigsegv2 libsqlite3-0
  #5 6.813   libssh-4 libstdc++-13-dev libtcl8.6 libtiff6 libtool libtsan2 libubsan1
  #5 6.813   libuv1t64 libwebp7 libx11-6 libx11-data libxau6 libxcb1 libxdmcp6 libxext6
  #5 6.813   libxml2 libxmuu1 libxpm4 linux-libc-dev lmod lto-disabled-list lua-bit32
  #5 6.813   lua-filesystem lua-json lua-lpeg lua-posix lua-term lua5.3 m4 make manpages
  #5 6.813   manpages-dev media-types netbase openssh-client openssl patch perl
  #5 6.813   perl-modules-5.38 pinentry-curses pkg-config pkgconf pkgconf-bin
  #5 6.813   publicsuffix python3 python3-minimal python3.12 python3.12-minimal
  #5 6.813   readline-common rpcsvc-proto tcl tcl8.6 tzdata unzip wget xauth xz-utils
  #5 7.113 0 upgraded, 204 newly installed, 0 to remove and 0 not upgraded.
  #5 7.113 Need to get 156 MB of archives.
  #5 7.113 After this operation, 569 MB of additional disk space will be used.
  #5 7.113 Get:1 http://archive.ubuntu.com/ubuntu noble/main amd64 liblocale-gettext-perl amd64 1.07-6ubuntu5 [15.8 kB]
  #5 7.400 Get:2 http://archive.ubuntu.com/ubuntu noble-updates/main amd64 libpython3.12-minimal amd64 3.12.3-1ubuntu0.8 [836 kB]
  #5 8.134 Get:3 http://archive.ubuntu.com/ubuntu noble-updates/main amd64 libexpat1 amd64 2.6.1-2ubuntu0.3 [88.0 kB]
  #5 8.152 Get:4 http://archive.ubuntu.com/ubuntu noble-updates/main amd64 python3.12-minimal amd64 3.12.3-1ubuntu0.8 [2334 kB]
  #5 8.414 Get:5 http://archive.ubuntu.com/ubuntu noble-updates/main amd64 python3-minimal amd64 3.12.3-0ubuntu2 [27.4 kB]
  #5 8.415 Get:6 http://archive.ubuntu.com/ubuntu noble/main amd64 media-types all 10.1.0 [27.5 kB]
  #5 8.417 Get:7 http://archive.ubuntu.com/ubuntu noble/main amd64 netbase all 6.4 [13.1 kB]
  #5 8.417 Get:8 http://archive.ubuntu.com/ubuntu noble-updates/main amd64 tzdata all 2025b-0ubuntu0.24.04.1 [276 kB]
  #5 8.432 Get:9 http://archive.ubuntu.com/ubuntu noble/main amd64 readline-common all 8.2-4build1 [56.5 kB]
  #5 8.436 Get:10 http://archive.ubuntu.com/ubuntu noble/main amd64 libreadline8t64 amd64 8.2-4build1 [153 kB]
  #5 8.444 Get:11 http://archive.ubuntu.com/ubuntu noble-updates/main amd64 libsqlite3-0 amd64 3.45.1-1ubuntu2.5 [701 kB]
  #5 8.476 Get:12 http://archive.ubuntu.com/ubuntu noble-updates/main amd64 libpython3.12-stdlib amd64 3.12.3-1ubuntu0.8 [2068 kB]
  #5 8.559 Get:13 http://archive.ubuntu.com/ubuntu noble-updates/main amd64 python3.12 amd64 3.12.3-1ubuntu0.8 [651 kB]
  #5 8.579 Get:14 http://archive.ubuntu.com/ubuntu noble-updates/main amd64 libpython3-stdlib amd64 3.12.3-0ubuntu2 [10.0 kB]
  #5 8.580 Get:15 http://archive.ubuntu.com/ubuntu noble-updates/main amd64 python3 amd64 3.12.3-0ubuntu2 [23.0 kB]
  #5 8.580 Get:16 http://archive.ubuntu.com/ubuntu noble/main amd64 m4 amd64 1.4.19-4build1 [244 kB]
  #5 8.586 Get:17 http://archive.ubuntu.com/ubuntu noble/main amd64 flex amd64 2.6.4-8.2build1 [301 kB]
  #5 8.715 Get:18 http://archive.ubuntu.com/ubuntu noble-updates/main amd64 libmpfr6 amd64 4.2.1-1build1.1 [353 kB]
  #5 8.721 Get:19 http://archive.ubuntu.com/ubuntu noble/main amd64 libsigsegv2 amd64 2.14-1ubuntu2 [15.0 kB]
  #5 8.721 Get:20 http://archive.ubuntu.com/ubuntu noble/main amd64 gawk amd64 1:5.2.1-2build3 [463 kB]
  #5 8.728 Get:21 http://archive.ubuntu.com/ubuntu noble-updates/main amd64 perl-modules-5.38 all 5.38.2-3.2ubuntu0.2 [3110 kB]
  #5 8.769 Get:22 http://archive.ubuntu.com/ubuntu noble/main amd64 libgdbm6t64 amd64 1.23-5.1build1 [34.4 kB]
  #5 8.862 Get:23 http://archive.ubuntu.com/ubuntu noble/main amd64 libgdbm-compat4t64 amd64 1.23-5.1build1 [6710 B]
  #5 8.862 Get:24 http://archive.ubuntu.com/ubuntu noble-updates/main amd64 libperl5.38t64 amd64 5.38.2-3.2ubuntu0.2 [4874 kB]
  #5 9.017 Get:25 http://archive.ubuntu.com/ubuntu noble-updates/main amd64 perl amd64 5.38.2-3.2ubuntu0.2 [231 kB]
  #5 9.018 Get:26 http://archive.ubuntu.com/ubuntu noble/main amd64 adduser all 3.137ubuntu1 [101 kB]
  #5 9.019 Get:27 http://archive.ubuntu.com/ubuntu noble-updates/main amd64 openssl amd64 3.0.13-0ubuntu3.6 [1003 kB]
  #5 9.033 Get:28 http://archive.ubuntu.com/ubuntu noble/main amd64 ca-certificates all 20240203 [159 kB]
  #5 9.035 Get:29 http://archive.ubuntu.com/ubuntu noble-updates/main amd64 krb5-locales all 1.20.1-6ubuntu2.6 [14.8 kB]
  #5 9.035 Get:30 http://archive.ubuntu.com/ubuntu noble-updates/main amd64 less amd64 590-2ubuntu2.1 [142 kB]
  #5 9.037 Get:31 http://archive.ubuntu.com/ubuntu noble-updates/main amd64 libbsd0 amd64 0.12.1-1build1.1 [41.2 kB]
  #5 9.038 Get:32 http://archive.ubuntu.com/ubuntu noble-updates/main amd64 libkrb5support0 amd64 1.20.1-6ubuntu2.6 [34.4 kB]
  #5 9.155 Get:33 http://archive.ubuntu.com/ubuntu noble-updates/main amd64 libk5crypto3 amd64 1.20.1-6ubuntu2.6 [82.0 kB]
  #5 9.298 Get:34 http://archive.ubuntu.com/ubuntu noble/main amd64 libkeyutils1 amd64 1.6.3-3build1 [9490 B]
  #5 9.298 Get:35 http://archive.ubuntu.com/ubuntu noble-updates/main amd64 libkrb5-3 amd64 1.20.1-6ubuntu2.6 [348 kB]
  #5 9.304 Get:36 http://archive.ubuntu.com/ubuntu noble-updates/main amd64 libgssapi-krb5-2 amd64 1.20.1-6ubuntu2.6 [143 kB]
  #5 9.305 Get:37 http://archive.ubuntu.com/ubuntu noble-updates/main amd64 libicu74 amd64 74.2-1ubuntu3.1 [10.9 MB]
  #5 9.622 Get:38 http://archive.ubuntu.com/ubuntu noble-updates/main amd64 libxml2 amd64 2.9.14+dfsg-1.3ubuntu3.5 [763 kB]
  #5 9.632 Get:39 http://archive.ubuntu.com/ubuntu noble/main amd64 libmagic-mgc amd64 1:5.45-3build1 [307 kB]
  #5 9.635 Get:40 http://archive.ubuntu.com/ubuntu noble/main amd64 libmagic1t64 amd64 1:5.45-3build1 [87.2 kB]
  #5 9.637 Get:41 http://archive.ubuntu.com/ubuntu noble/main amd64 file amd64 1:5.45-3build1 [22.0 kB]
  #5 9.711 Get:42 http://archive.ubuntu.com/ubuntu noble/main amd64 gettext-base amd64 0.21-14ubuntu2 [38.4 kB]
  #5 9.712 Get:43 http://archive.ubuntu.com/ubuntu noble/main amd64 libcbor0.10 amd64 0.10.2-1.2ubuntu2 [25.8 kB]
  #5 9.726 Get:44 http://archive.ubuntu.com/ubuntu noble/main amd64 libedit2 amd64 3.1-20230828-1build1 [97.6 kB]
  #5 9.727 Get:45 http://archive.ubuntu.com/ubuntu noble/main amd64 libfido2-1 amd64 1.14.0-1build3 [83.5 kB]
  #5 9.728 Get:46 http://archive.ubuntu.com/ubuntu noble/main amd64 libjansson4 amd64 2.14-2build2 [32.8 kB]
  #5 9.767 Get:47 http://archive.ubuntu.com/ubuntu noble-updates/main amd64 libnghttp2-14 amd64 1.59.0-1ubuntu0.2 [74.3 kB]
  #5 9.908 Get:48 http://archive.ubuntu.com/ubuntu noble/main amd64 libpng16-16t64 amd64 1.6.43-5build1 [187 kB]
  #5 9.911 Get:49 http://archive.ubuntu.com/ubuntu noble/main amd64 libpsl5t64 amd64 0.21.2-1.1build1 [57.1 kB]
  #5 9.911 Get:50 http://archive.ubuntu.com/ubuntu noble/main amd64 libuv1t64 amd64 1.48.0-1.1build1 [97.3 kB]
  #5 9.912 Get:51 http://archive.ubuntu.com/ubuntu noble/main amd64 libxau6 amd64 1:1.0.9-1build6 [7160 B]
  #5 9.912 Get:52 http://archive.ubuntu.com/ubuntu noble/main amd64 libxdmcp6 amd64 1:1.1.3-0ubuntu6 [10.3 kB]
  #5 9.913 Get:53 http://archive.ubuntu.com/ubuntu noble/main amd64 libxcb1 amd64 1.15-1ubuntu2 [47.7 kB]
  #5 9.913 Get:54 http://archive.ubuntu.com/ubuntu noble/main amd64 libx11-data all 2:1.8.7-1build1 [115 kB]
  #5 9.914 Get:55 http://archive.ubuntu.com/ubuntu noble/main amd64 libx11-6 amd64 2:1.8.7-1build1 [650 kB]
  #5 9.922 Get:56 http://archive.ubuntu.com/ubuntu noble/main amd64 libxext6 amd64 2:1.3.4-1build2 [30.4 kB]
  #5 10.05 Get:57 http://archive.ubuntu.com/ubuntu noble/main amd64 libxmuu1 amd64 2:1.1.3-3build2 [8958 B]
  #5 10.19 Get:58 http://archive.ubuntu.com/ubuntu noble/main amd64 manpages all 6.7-2 [1384 kB]
  #5 10.21 Get:59 http://archive.ubuntu.com/ubuntu noble-updates/main amd64 openssh-client amd64 1:9.6p1-3ubuntu13.14 [906 kB]
  #5 10.22 Get:60 http://archive.ubuntu.com/ubuntu noble/main amd64 publicsuffix all 20231001.0357-0.1 [129 kB]
  #5 10.22 Get:61 http://archive.ubuntu.com/ubuntu noble-updates/main amd64 wget amd64 1.21.4-1ubuntu4.1 [334 kB]
  #5 10.22 Get:62 http://archive.ubuntu.com/ubuntu noble/main amd64 xauth amd64 1:1.1.2-1build1 [25.6 kB]
  #5 10.22 Get:63 http://archive.ubuntu.com/ubuntu noble-updates/main amd64 xz-utils amd64 5.6.1+really5.4.5-1ubuntu0.2 [267 kB]
  #5 10.22 Get:64 http://archive.ubuntu.com/ubuntu noble/main amd64 autoconf all 2.71-3 [339 kB]
  #5 10.23 Get:65 http://archive.ubuntu.com/ubuntu noble/main amd64 autotools-dev all 20220109.1 [44.9 kB]
  #5 10.23 Get:66 http://archive.ubuntu.com/ubuntu noble/main amd64 automake all 1:1.16.5-1.3ubuntu1 [558 kB]
  #5 10.34 Get:67 http://archive.ubuntu.com/ubuntu noble-updates/main amd64 binutils-common amd64 2.42-4ubuntu2.5 [240 kB]
  #5 10.48 Get:68 http://archive.ubuntu.com/ubuntu noble-updates/main amd64 libsframe1 amd64 2.42-4ubuntu2.5 [15.5 kB]
  #5 10.48 Get:69 http://archive.ubuntu.com/ubuntu noble-updates/main amd64 libbinutils amd64 2.42-4ubuntu2.5 [577 kB]
  #5 10.49 Get:70 http://archive.ubuntu.com/ubuntu noble-updates/main amd64 libctf-nobfd0 amd64 2.42-4ubuntu2.5 [97.7 kB]
  #5 10.49 Get:71 http://archive.ubuntu.com/ubuntu noble-updates/main amd64 libctf0 amd64 2.42-4ubuntu2.5 [94.5 kB]
  #5 10.49 Get:72 http://archive.ubuntu.com/ubuntu noble-updates/main amd64 libgprofng0 amd64 2.42-4ubuntu2.5 [849 kB]
  #5 10.50 Get:73 http://archive.ubuntu.com/ubuntu noble-updates/main amd64 binutils-x86-64-linux-gnu amd64 2.42-4ubuntu2.5 [2462 kB]
  #5 10.53 Get:74 http://archive.ubuntu.com/ubuntu noble-updates/main amd64 binutils amd64 2.42-4ubuntu2.5 [18.1 kB]
  #5 10.53 Get:75 http://archive.ubuntu.com/ubuntu noble/main amd64 bison amd64 2:3.8.2+dfsg-1build2 [749 kB]
  #5 10.63 Get:76 http://archive.ubuntu.com/ubuntu noble-updates/main amd64 libc-dev-bin amd64 2.39-0ubuntu8.6 [20.4 kB]
  #5 10.63 Get:77 http://archive.ubuntu.com/ubuntu noble-updates/main amd64 linux-libc-dev amd64 6.8.0-86.87 [1932 kB]
  #5 10.76 Get:78 http://archive.ubuntu.com/ubuntu noble/main amd64 libcrypt-dev amd64 1:4.4.36-4build1 [112 kB]
  #5 10.76 Get:79 http://archive.ubuntu.com/ubuntu noble/main amd64 rpcsvc-proto amd64 1.4.2-0ubuntu7 [67.4 kB]
  #5 10.76 Get:80 http://archive.ubuntu.com/ubuntu noble-updates/main amd64 libc6-dev amd64 2.39-0ubuntu8.6 [2125 kB]
  #5 10.79 Get:81 http://archive.ubuntu.com/ubuntu noble-updates/main amd64 gcc-13-base amd64 13.3.0-6ubuntu2~24.04 [51.5 kB]
  #5 10.79 Get:82 http://archive.ubuntu.com/ubuntu noble-updates/main amd64 libisl23 amd64 0.26-3build1.1 [680 kB]
  #5 10.79 Get:83 http://archive.ubuntu.com/ubuntu noble-updates/main amd64 libmpc3 amd64 1.3.1-1build1.1 [54.6 kB]
  #5 10.80 Get:84 http://archive.ubuntu.com/ubuntu noble-updates/main amd64 cpp-13-x86-64-linux-gnu amd64 13.3.0-6ubuntu2~24.04 [10.7 MB]
  #5 11.22 Get:85 http://archive.ubuntu.com/ubuntu noble-updates/main amd64 cpp-13 amd64 13.3.0-6ubuntu2~24.04 [1038 B]
  #5 11.22 Get:86 http://archive.ubuntu.com/ubuntu noble/main amd64 cpp-x86-64-linux-gnu amd64 4:13.2.0-7ubuntu1 [5326 B]
  #5 11.22 Get:87 http://archive.ubuntu.com/ubuntu noble/main amd64 cpp amd64 4:13.2.0-7ubuntu1 [22.4 kB]
  #5 11.22 Get:88 http://archive.ubuntu.com/ubuntu noble-updates/main amd64 libcc1-0 amd64 14.2.0-4ubuntu2~24.04 [48.0 kB]
  #5 11.22 Get:89 http://archive.ubuntu.com/ubuntu noble-updates/main amd64 libgomp1 amd64 14.2.0-4ubuntu2~24.04 [148 kB]
  #5 11.23 Get:90 http://archive.ubuntu.com/ubuntu noble-updates/main amd64 libitm1 amd64 14.2.0-4ubuntu2~24.04 [29.7 kB]
  #5 11.23 Get:91 http://archive.ubuntu.com/ubuntu noble-updates/main amd64 libatomic1 amd64 14.2.0-4ubuntu2~24.04 [10.5 kB]
  #5 11.23 Get:92 http://archive.ubuntu.com/ubuntu noble-updates/main amd64 libasan8 amd64 14.2.0-4ubuntu2~24.04 [3031 kB]
  #5 11.34 Get:93 http://archive.ubuntu.com/ubuntu noble-updates/main amd64 liblsan0 amd64 14.2.0-4ubuntu2~24.04 [1322 kB]
  #5 11.38 Get:94 http://archive.ubuntu.com/ubuntu noble-updates/main amd64 libtsan2 amd64 14.2.0-4ubuntu2~24.04 [2772 kB]
  #5 11.48 Get:95 http://archive.ubuntu.com/ubuntu noble-updates/main amd64 libubsan1 amd64 14.2.0-4ubuntu2~24.04 [1184 kB]
  #5 11.51 Get:96 http://archive.ubuntu.com/ubuntu noble-updates/main amd64 libhwasan0 amd64 14.2.0-4ubuntu2~24.04 [1641 kB]
  #5 11.56 Get:97 http://archive.ubuntu.com/ubuntu noble-updates/main amd64 libquadmath0 amd64 14.2.0-4ubuntu2~24.04 [153 kB]
  #5 11.57 Get:98 http://archive.ubuntu.com/ubuntu noble-updates/main amd64 libgcc-13-dev amd64 13.3.0-6ubuntu2~24.04 [2681 kB]
  #5 11.67 Get:99 http://archive.ubuntu.com/ubuntu noble-updates/main amd64 gcc-13-x86-64-linux-gnu amd64 13.3.0-6ubuntu2~24.04 [21.1 MB]
  #5 12.39 Get:100 http://archive.ubuntu.com/ubuntu noble-updates/main amd64 gcc-13 amd64 13.3.0-6ubuntu2~24.04 [494 kB]
  #5 12.40 Get:101 http://archive.ubuntu.com/ubuntu noble/main amd64 gcc-x86-64-linux-gnu amd64 4:13.2.0-7ubuntu1 [1212 B]
  #5 12.55 Get:102 http://archive.ubuntu.com/ubuntu noble/main amd64 gcc amd64 4:13.2.0-7ubuntu1 [5018 B]
  #5 12.63 Get:103 http://archive.ubuntu.com/ubuntu noble-updates/main amd64 libstdc++-13-dev amd64 13.3.0-6ubuntu2~24.04 [2420 kB]
  #5 13.20 Get:104 http://archive.ubuntu.com/ubuntu noble-updates/main amd64 g++-13-x86-64-linux-gnu amd64 13.3.0-6ubuntu2~24.04 [12.2 MB]
  #5 13.46 Get:105 http://archive.ubuntu.com/ubuntu noble-updates/main amd64 g++-13 amd64 13.3.0-6ubuntu2~24.04 [16.1 kB]
  #5 13.46 Get:106 http://archive.ubuntu.com/ubuntu noble/main amd64 g++-x86-64-linux-gnu amd64 4:13.2.0-7ubuntu1 [964 B]
  #5 13.46 Get:107 http://archive.ubuntu.com/ubuntu noble/main amd64 g++ amd64 4:13.2.0-7ubuntu1 [1100 B]
  #5 13.46 Get:108 http://archive.ubuntu.com/ubuntu noble/main amd64 make amd64 4.3-4.1build2 [180 kB]
  #5 13.46 Get:109 http://archive.ubuntu.com/ubuntu noble-updates/main amd64 libdpkg-perl all 1.22.6ubuntu6.5 [269 kB]
  #5 13.46 Get:110 http://archive.ubuntu.com/ubuntu noble-updates/main amd64 bzip2 amd64 1.0.8-5.1build0.1 [34.5 kB]
  #5 13.46 Get:111 http://archive.ubuntu.com/ubuntu noble/main amd64 patch amd64 2.7.6-7build3 [104 kB]
  #5 13.46 Get:112 http://archive.ubuntu.com/ubuntu noble/main amd64 lto-disabled-list all 47 [12.4 kB]
  #5 13.46 Get:113 http://archive.ubuntu.com/ubuntu noble-updates/main amd64 dpkg-dev all 1.22.6ubuntu6.5 [1074 kB]
  #5 13.54 Get:114 http://archive.ubuntu.com/ubuntu noble/main amd64 build-essential amd64 12.10ubuntu1 [4928 B]
  #5 13.54 Get:115 http://archive.ubuntu.com/ubuntu noble/universe amd64 libhiredis1.1.0 amd64 1.2.0-6ubuntu3 [41.4 kB]
  #5 13.61 Get:116 http://archive.ubuntu.com/ubuntu noble/universe amd64 ccache amd64 4.9.1-1 [592 kB]
  #5 13.62 Get:117 http://archive.ubuntu.com/ubuntu noble-updates/main amd64 libarchive13t64 amd64 3.7.2-2ubuntu0.5 [382 kB]
  #5 13.62 Get:118 http://archive.ubuntu.com/ubuntu noble/main amd64 libbrotli1 amd64 1.1.0-2build2 [331 kB]
  #5 13.63 Get:119 http://archive.ubuntu.com/ubuntu noble-updates/main amd64 libsasl2-modules-db amd64 2.1.28+dfsg1-5ubuntu3.1 [20.4 kB]
  #5 13.63 Get:120 http://archive.ubuntu.com/ubuntu noble-updates/main amd64 libsasl2-2 amd64 2.1.28+dfsg1-5ubuntu3.1 [53.2 kB]
  #5 13.63 Get:121 http://archive.ubuntu.com/ubuntu noble-updates/main amd64 libldap2 amd64 2.6.7+dfsg-1~exp1ubuntu8.2 [196 kB]
  #5 13.63 Get:122 http://archive.ubuntu.com/ubuntu noble/main amd64 librtmp1 amd64 2.4+20151223.gitfa8646d.1-2build7 [56.3 kB]
  #5 13.63 Get:123 http://archive.ubuntu.com/ubuntu noble-updates/main amd64 libssh-4 amd64 0.10.6-2ubuntu0.1 [188 kB]
  #5 13.69 Get:124 http://archive.ubuntu.com/ubuntu noble-updates/main amd64 libcurl4t64 amd64 8.5.0-2ubuntu10.6 [341 kB]
  #5 13.69 Get:125 http://archive.ubuntu.com/ubuntu noble/main amd64 libjsoncpp25 amd64 1.9.5-6build1 [82.8 kB]
  #5 13.77 Get:126 http://archive.ubuntu.com/ubuntu noble/main amd64 librhash0 amd64 1.4.3-3build1 [129 kB]
  #5 13.77 Get:127 http://archive.ubuntu.com/ubuntu noble/main amd64 cmake-data all 3.28.3-1build7 [2155 kB]
  #5 13.79 Get:128 http://archive.ubuntu.com/ubuntu noble/main amd64 cmake amd64 3.28.3-1build7 [11.2 MB]
  #5 14.00 Get:129 http://archive.ubuntu.com/ubuntu noble-updates/main amd64 curl amd64 8.5.0-2ubuntu10.6 [226 kB]
  #5 14.01 Get:130 http://archive.ubuntu.com/ubuntu noble-updates/main amd64 gpgconf amd64 2.4.4-2ubuntu17.3 [104 kB]
  #5 14.01 Get:131 http://archive.ubuntu.com/ubuntu noble/main amd64 libksba8 amd64 1.6.6-1build1 [122 kB]
  #5 14.01 Get:132 http://archive.ubuntu.com/ubuntu noble-updates/main amd64 dirmngr amd64 2.4.4-2ubuntu17.3 [323 kB]
  #5 14.01 Get:133 http://archive.ubuntu.com/ubuntu noble/main amd64 libfakeroot amd64 1.33-1 [32.4 kB]
  #5 14.01 Get:134 http://archive.ubuntu.com/ubuntu noble/main amd64 fakeroot amd64 1.33-1 [67.2 kB]
  #5 14.01 Get:135 http://archive.ubuntu.com/ubuntu noble/main amd64 fonts-dejavu-mono all 2.37-8 [502 kB]
  #5 14.02 Get:136 http://archive.ubuntu.com/ubuntu noble/main amd64 fonts-dejavu-core all 2.37-8 [835 kB]
  #5 14.03 Get:137 http://archive.ubuntu.com/ubuntu noble/main amd64 fontconfig-config amd64 2.15.0-1.1ubuntu2 [37.3 kB]
  #5 14.08 Get:138 http://archive.ubuntu.com/ubuntu noble/main amd64 gettext amd64 0.21-14ubuntu2 [864 kB]
  #5 14.16 Get:139 http://archive.ubuntu.com/ubuntu noble-updates/main amd64 libgfortran5 amd64 14.2.0-4ubuntu2~24.04 [916 kB]
  #5 14.17 Get:140 http://archive.ubuntu.com/ubuntu noble-updates/main amd64 libgfortran-13-dev amd64 13.3.0-6ubuntu2~24.04 [928 kB]
  #5 14.18 Get:141 http://archive.ubuntu.com/ubuntu noble-updates/main amd64 gfortran-13-x86-64-linux-gnu amd64 13.3.0-6ubuntu2~24.04 [11.4 MB]
  #5 14.38 Get:142 http://archive.ubuntu.com/ubuntu noble-updates/main amd64 gfortran-13 amd64 13.3.0-6ubuntu2~24.04 [13.9 kB]
  #5 14.40 Get:143 http://archive.ubuntu.com/ubuntu noble/main amd64 gfortran-x86-64-linux-gnu amd64 4:13.2.0-7ubuntu1 [1024 B]
  #5 14.40 Get:144 http://archive.ubuntu.com/ubuntu noble/main amd64 gfortran amd64 4:13.2.0-7ubuntu1 [1176 B]
  #5 14.40 Get:145 http://archive.ubuntu.com/ubuntu noble-updates/main amd64 libcurl3t64-gnutls amd64 8.5.0-2ubuntu10.6 [333 kB]
  #5 14.40 Get:146 http://archive.ubuntu.com/ubuntu noble/main amd64 liberror-perl all 0.17029-2 [25.6 kB]
  #5 14.40 Get:147 http://archive.ubuntu.com/ubuntu noble-updates/main amd64 git-man all 1:2.43.0-1ubuntu7.3 [1100 kB]
  #5 14.42 Get:148 http://archive.ubuntu.com/ubuntu noble-updates/main amd64 git amd64 1:2.43.0-1ubuntu7.3 [3680 kB]
  #5 14.49 Get:149 http://archive.ubuntu.com/ubuntu noble-updates/main amd64 gnupg-utils amd64 2.4.4-2ubuntu17.3 [109 kB]
  #5 14.49 Get:150 http://archive.ubuntu.com/ubuntu noble-updates/main amd64 gpg amd64 2.4.4-2ubuntu17.3 [565 kB]
  #5 14.50 Get:151 http://archive.ubuntu.com/ubuntu noble/main amd64 pinentry-curses amd64 1.2.1-3ubuntu5 [35.2 kB]
  #5 14.54 Get:152 http://archive.ubuntu.com/ubuntu noble-updates/main amd64 gpg-agent amd64 2.4.4-2ubuntu17.3 [227 kB]
  #5 14.55 Get:153 http://archive.ubuntu.com/ubuntu noble-updates/main amd64 gpgsm amd64 2.4.4-2ubuntu17.3 [232 kB]
  #5 14.55 Get:154 http://archive.ubuntu.com/ubuntu noble-updates/main amd64 keyboxd amd64 2.4.4-2ubuntu17.3 [78.3 kB]
  #5 14.55 Get:155 http://archive.ubuntu.com/ubuntu noble-updates/main amd64 gnupg all 2.4.4-2ubuntu17.3 [359 kB]
  #5 14.56 Get:156 http://archive.ubuntu.com/ubuntu noble-updates/main amd64 gnupg-l10n all 2.4.4-2ubuntu17.3 [66.4 kB]
  #5 14.56 Get:157 http://archive.ubuntu.com/ubuntu noble-updates/main amd64 gpg-wks-client amd64 2.4.4-2ubuntu17.3 [70.9 kB]
  #5 14.62 Get:158 http://archive.ubuntu.com/ubuntu noble/main amd64 libalgorithm-diff-perl all 1.201-1 [41.8 kB]
  #5 14.62 Get:159 http://archive.ubuntu.com/ubuntu noble/main amd64 libalgorithm-diff-xs-perl amd64 0.04-8build3 [11.2 kB]
  #5 14.62 Get:160 http://archive.ubuntu.com/ubuntu noble/main amd64 libalgorithm-merge-perl all 0.08-5 [11.4 kB]
  #5 14.62 Get:161 http://archive.ubuntu.com/ubuntu noble-updates/main amd64 libaom3 amd64 3.8.2-2ubuntu0.1 [1941 kB]
  #5 14.70 Get:162 http://archive.ubuntu.com/ubuntu noble/main amd64 libfreetype6 amd64 2.13.2+dfsg-1build3 [402 kB]
  #5 14.71 Get:163 http://archive.ubuntu.com/ubuntu noble/main amd64 libfontconfig1 amd64 2.15.0-1.1ubuntu2 [139 kB]
  #5 14.71 Get:164 http://archive.ubuntu.com/ubuntu noble/main amd64 libsharpyuv0 amd64 1.3.2-0.4build3 [15.8 kB]
  #5 14.71 Get:165 http://archive.ubuntu.com/ubuntu noble-updates/main amd64 libheif-plugin-aomdec amd64 1.17.6-1ubuntu4.1 [10.4 kB]
  #5 14.71 Get:166 http://archive.ubuntu.com/ubuntu noble/main amd64 libde265-0 amd64 1.0.15-1build3 [166 kB]
  #5 14.71 Get:167 http://archive.ubuntu.com/ubuntu noble-updates/main amd64 libheif-plugin-libde265 amd64 1.17.6-1ubuntu4.1 [8176 B]
  #5 14.78 Get:168 http://archive.ubuntu.com/ubuntu noble-updates/main amd64 libheif1 amd64 1.17.6-1ubuntu4.1 [275 kB]
  #5 14.79 Get:169 http://archive.ubuntu.com/ubuntu noble/main amd64 libjpeg-turbo8 amd64 2.1.5-2ubuntu2 [150 kB]
  #5 14.79 Get:170 http://archive.ubuntu.com/ubuntu noble/main amd64 libjpeg8 amd64 8c-2ubuntu11 [2148 B]
  #5 14.79 Get:171 http://archive.ubuntu.com/ubuntu noble-updates/main amd64 libdeflate0 amd64 1.19-1build1.1 [43.9 kB]
  #5 14.86 Get:172 http://archive.ubuntu.com/ubuntu noble/main amd64 libjbig0 amd64 2.1-6.1ubuntu2 [29.7 kB]
  #5 14.86 Get:173 http://archive.ubuntu.com/ubuntu noble/main amd64 liblerc4 amd64 4.0.0+ds-4ubuntu2 [179 kB]
  #5 14.87 Get:174 http://archive.ubuntu.com/ubuntu noble/main amd64 libwebp7 amd64 1.3.2-0.4build3 [230 kB]
  #5 14.87 Get:175 http://archive.ubuntu.com/ubuntu noble-updates/main amd64 libtiff6 amd64 4.5.1+git230720-4ubuntu2.4 [199 kB]
  #5 14.87 Get:176 http://archive.ubuntu.com/ubuntu noble/main amd64 libxpm4 amd64 1:3.5.17-1build2 [36.5 kB]
  #5 14.87 Get:177 http://archive.ubuntu.com/ubuntu noble/main amd64 libgd3 amd64 2.3.3-9ubuntu5 [128 kB]
  #5 14.94 Get:178 http://archive.ubuntu.com/ubuntu noble-updates/main amd64 libc-devtools amd64 2.39-0ubuntu8.6 [29.3 kB]
  #5 14.94 Get:179 http://archive.ubuntu.com/ubuntu noble/main amd64 libfile-fcntllock-perl amd64 0.22-4ubuntu5 [30.7 kB]
  #5 14.94 Get:180 http://archive.ubuntu.com/ubuntu noble/main amd64 libfl2 amd64 2.6.4-8.2build1 [9768 B]
  #5 14.94 Get:181 http://archive.ubuntu.com/ubuntu noble/main amd64 libfl-dev amd64 2.6.4-8.2build1 [6250 B]
  #5 15.02 Get:182 http://archive.ubuntu.com/ubuntu noble-updates/main amd64 libheif-plugin-aomenc amd64 1.17.6-1ubuntu4.1 [14.7 kB]
  #5 15.02 Get:183 http://archive.ubuntu.com/ubuntu noble-updates/main amd64 libldap-common all 2.6.7+dfsg-1~exp1ubuntu8.2 [31.7 kB]
  #5 15.02 Get:184 http://archive.ubuntu.com/ubuntu noble/main amd64 libltdl7 amd64 2.4.7-7build1 [40.3 kB]
  #5 15.02 Get:185 http://archive.ubuntu.com/ubuntu noble/main amd64 libltdl-dev amd64 2.4.7-7build1 [168 kB]
  #5 15.03 Get:186 http://archive.ubuntu.com/ubuntu noble/main amd64 libpkgconf3 amd64 1.8.1-2build1 [30.7 kB]
  #5 15.03 Get:187 http://archive.ubuntu.com/ubuntu noble-updates/main amd64 libsasl2-modules amd64 2.1.28+dfsg1-5ubuntu3.1 [69.9 kB]
  #5 15.09 Get:188 http://archive.ubuntu.com/ubuntu noble/main amd64 libtcl8.6 amd64 8.6.14+dfsg-1build1 [988 kB]
  #5 15.11 Get:189 http://archive.ubuntu.com/ubuntu noble/main amd64 libtool all 2.4.7-7build1 [166 kB]
  #5 15.11 Get:190 http://archive.ubuntu.com/ubuntu noble/universe amd64 lua-filesystem amd64 1.8.0-3 [13.0 kB]
  #5 15.11 Get:191 http://archive.ubuntu.com/ubuntu noble/universe amd64 lua-lpeg amd64 1.0.2-2 [38.6 kB]
  #5 15.18 Get:192 http://archive.ubuntu.com/ubuntu noble/universe amd64 lua-json all 1.3.4-2 [29.3 kB]
  #5 15.18 Get:193 http://archive.ubuntu.com/ubuntu noble/universe amd64 lua-bit32 amd64 5.3.0-4 [10.9 kB]
  #5 15.18 Get:194 http://archive.ubuntu.com/ubuntu noble/universe amd64 lua-posix amd64 36.2.1-2 [170 kB]
  #5 15.18 Get:195 http://archive.ubuntu.com/ubuntu noble/universe amd64 lua-term amd64 0.07-1 [7224 B]
  #5 15.18 Get:196 http://archive.ubuntu.com/ubuntu noble/universe amd64 lua5.3 amd64 5.3.6-2build2 [145 kB]
  #5 15.19 Get:197 http://archive.ubuntu.com/ubuntu noble/main amd64 tcl8.6 amd64 8.6.14+dfsg-1build1 [14.7 kB]
  #5 15.26 Get:198 http://archive.ubuntu.com/ubuntu noble/main amd64 tcl amd64 8.6.14build1 [4124 B]
  #5 15.26 Get:199 http://archive.ubuntu.com/ubuntu noble/universe amd64 lmod amd64 8.6.19-1 [207 kB]
  #5 15.26 Get:200 http://archive.ubuntu.com/ubuntu noble/main amd64 manpages-dev all 6.7-2 [2013 kB]
  #5 15.30 Get:201 http://archive.ubuntu.com/ubuntu noble/main amd64 pkgconf-bin amd64 1.8.1-2build1 [20.7 kB]
  #5 15.34 Get:202 http://archive.ubuntu.com/ubuntu noble/main amd64 pkgconf amd64 1.8.1-2build1 [16.8 kB]
  #5 15.51 Get:203 http://archive.ubuntu.com/ubuntu noble/main amd64 pkg-config amd64 1.8.1-2build1 [7264 B]
  #5 15.59 Get:204 http://archive.ubuntu.com/ubuntu noble-updates/main amd64 unzip amd64 6.0-28ubuntu4.1 [174 kB]
  #5 15.93 debconf: delaying package configuration, since apt-utils is not installed
  #5 15.95 Fetched 156 MB in 9s (17.3 MB/s)
  #5 15.95 Selecting previously unselected package liblocale-gettext-perl.
  #5 15.95 (Reading database ...
  (Reading database ... 5%
  (Reading database ... 10%
  (Reading database ... 15%
  (Reading database ... 20%
  (Reading database ... 25%
  (Reading database ... 30%
  (Reading database ... 35%
  (Reading database ... 40%
  (Reading database ... 45%
  (Reading database ... 50%
  (Reading database ... 55%
  (Reading database ... 60%
  (Reading database ... 65%
  (Reading database ... 70%
  (Reading database ... 75%
  (Reading database ... 80%
  (Reading database ... 85%
  (Reading database ... 90%
  (Reading database ... 95%
  (Reading database ... 100%
  (Reading database ... 4381 files and directories currently installed.)
  #5 15.96 Preparing to unpack .../liblocale-gettext-perl_1.07-6ubuntu5_amd64.deb ...
  #5 15.96 Unpacking liblocale-gettext-perl (1.07-6ubuntu5) ...
  #5 15.97 Selecting previously unselected package libpython3.12-minimal:amd64.
  #5 15.97 Preparing to unpack .../libpython3.12-minimal_3.12.3-1ubuntu0.8_amd64.deb ...
  #5 15.97 Unpacking libpython3.12-minimal:amd64 (3.12.3-1ubuntu0.8) ...
  #5 16.01 Selecting previously unselected package libexpat1:amd64.
  #5 16.01 Preparing to unpack .../libexpat1_2.6.1-2ubuntu0.3_amd64.deb ...
  #5 16.01 Unpacking libexpat1:amd64 (2.6.1-2ubuntu0.3) ...
  #5 16.02 Selecting previously unselected package python3.12-minimal.
  #5 16.02 Preparing to unpack .../python3.12-minimal_3.12.3-1ubuntu0.8_amd64.deb ...
  #5 16.03 Unpacking python3.12-minimal (3.12.3-1ubuntu0.8) ...
  #5 16.06 Setting up libpython3.12-minimal:amd64 (3.12.3-1ubuntu0.8) ...
  #5 16.06 Setting up libexpat1:amd64 (2.6.1-2ubuntu0.3) ...
  #5 16.06 Setting up python3.12-minimal (3.12.3-1ubuntu0.8) ...
  #5 16.45 Selecting previously unselected package python3-minimal.
  #5 16.45 (Reading database ...
  (Reading database ... 5%
  (Reading database ... 10%
  (Reading database ... 15%
  (Reading database ... 20%
  (Reading database ... 25%
  (Reading database ... 30%
  (Reading database ... 35%
  (Reading database ... 40%
  (Reading database ... 45%
  (Reading database ... 50%
  (Reading database ... 55%
  (Reading database ... 60%
  (Reading database ... 65%
  (Reading database ... 70%
  (Reading database ... 75%
  (Reading database ... 80%
  (Reading database ... 85%
  (Reading database ... 90%
  (Reading database ... 95%
  (Reading database ... 100%
  (Reading database ... 4714 files and directories currently installed.)
  #5 16.45 Preparing to unpack .../0-python3-minimal_3.12.3-0ubuntu2_amd64.deb ...
  #5 16.46 Unpacking python3-minimal (3.12.3-0ubuntu2) ...
  #5 16.47 Selecting previously unselected package media-types.
  #5 16.47 Preparing to unpack .../1-media-types_10.1.0_all.deb ...
  #5 16.47 Unpacking media-types (10.1.0) ...
  #5 16.48 Selecting previously unselected package netbase.
  #5 16.48 Preparing to unpack .../2-netbase_6.4_all.deb ...
  #5 16.48 Unpacking netbase (6.4) ...
  #5 16.49 Selecting previously unselected package tzdata.
  #5 16.49 Preparing to unpack .../3-tzdata_2025b-0ubuntu0.24.04.1_all.deb ...
  #5 16.50 Unpacking tzdata (2025b-0ubuntu0.24.04.1) ...
  #5 16.55 Selecting previously unselected package readline-common.
  #5 16.55 Preparing to unpack .../4-readline-common_8.2-4build1_all.deb ...
  #5 16.55 Unpacking readline-common (8.2-4build1) ...
  #5 16.56 Selecting previously unselected package libreadline8t64:amd64.
  #5 16.56 Preparing to unpack .../5-libreadline8t64_8.2-4build1_amd64.deb ...
  #5 16.56 Adding 'diversion of /lib/x86_64-linux-gnu/libhistory.so.8 to /lib/x86_64-linux-gnu/libhistory.so.8.usr-is-merged by libreadline8t64'
  #5 16.56 Adding 'diversion of /lib/x86_64-linux-gnu/libhistory.so.8.2 to /lib/x86_64-linux-gnu/libhistory.so.8.2.usr-is-merged by libreadline8t64'
  #5 16.57 Adding 'diversion of /lib/x86_64-linux-gnu/libreadline.so.8 to /lib/x86_64-linux-gnu/libreadline.so.8.usr-is-merged by libreadline8t64'
  #5 16.57 Adding 'diversion of /lib/x86_64-linux-gnu/libreadline.so.8.2 to /lib/x86_64-linux-gnu/libreadline.so.8.2.usr-is-merged by libreadline8t64'
  #5 16.57 Unpacking libreadline8t64:amd64 (8.2-4build1) ...
  #5 16.58 Selecting previously unselected package libsqlite3-0:amd64.
  #5 16.58 Preparing to unpack .../6-libsqlite3-0_3.45.1-1ubuntu2.5_amd64.deb ...
  #5 16.58 Unpacking libsqlite3-0:amd64 (3.45.1-1ubuntu2.5) ...
  #5 16.60 Selecting previously unselected package libpython3.12-stdlib:amd64.
  #5 16.60 Preparing to unpack .../7-libpython3.12-stdlib_3.12.3-1ubuntu0.8_amd64.deb ...
  #5 16.60 Unpacking libpython3.12-stdlib:amd64 (3.12.3-1ubuntu0.8) ...
  #5 16.65 Selecting previously unselected package python3.12.
  #5 16.65 Preparing to unpack .../8-python3.12_3.12.3-1ubuntu0.8_amd64.deb ...
  #5 16.65 Unpacking python3.12 (3.12.3-1ubuntu0.8) ...
  #5 16.66 Selecting previously unselected package libpython3-stdlib:amd64.
  #5 16.66 Preparing to unpack .../9-libpython3-stdlib_3.12.3-0ubuntu2_amd64.deb ...
  #5 16.67 Unpacking libpython3-stdlib:amd64 (3.12.3-0ubuntu2) ...
  #5 16.68 Setting up python3-minimal (3.12.3-0ubuntu2) ...
  #5 16.76 Selecting previously unselected package python3.
  #5 16.76 (Reading database ...
  (Reading database ... 5%
  (Reading database ... 10%
  (Reading database ... 15%
  (Reading database ... 20%
  (Reading database ... 25%
  (Reading database ... 30%
  (Reading database ... 35%
  (Reading database ... 40%
  (Reading database ... 45%
  (Reading database ... 50%
  (Reading database ... 55%
  (Reading database ... 60%
  (Reading database ... 65%
  (Reading database ... 70%
  (Reading database ... 75%
  (Reading database ... 80%
  (Reading database ... 85%
  (Reading database ... 90%
  (Reading database ... 95%
  (Reading database ... 100%
  (Reading database ... 5720 files and directories currently installed.)
  #5 16.76 Preparing to unpack .../python3_3.12.3-0ubuntu2_amd64.deb ...
  #5 16.76 Unpacking python3 (3.12.3-0ubuntu2) ...
  #5 16.77 Selecting previously unselected package m4.
  #5 16.77 Preparing to unpack .../m4_1.4.19-4build1_amd64.deb ...
  #5 16.77 Unpacking m4 (1.4.19-4build1) ...
  #5 16.79 Selecting previously unselected package flex.
  #5 16.79 Preparing to unpack .../flex_2.6.4-8.2build1_amd64.deb ...
  #5 16.79 Unpacking flex (2.6.4-8.2build1) ...
  #5 16.80 Selecting previously unselected package libmpfr6:amd64.
  #5 16.80 Preparing to unpack .../libmpfr6_4.2.1-1build1.1_amd64.deb ...
  #5 16.80 Unpacking libmpfr6:amd64 (4.2.1-1build1.1) ...
  #5 16.81 Selecting previously unselected package libsigsegv2:amd64.
  #5 16.82 Preparing to unpack .../libsigsegv2_2.14-1ubuntu2_amd64.deb ...
  #5 16.82 Unpacking libsigsegv2:amd64 (2.14-1ubuntu2) ...
  #5 16.83 Setting up libmpfr6:amd64 (4.2.1-1build1.1) ...
  #5 16.83 Setting up readline-common (8.2-4build1) ...
  #5 16.83 Setting up libreadline8t64:amd64 (8.2-4build1) ...
  #5 16.84 Setting up libsigsegv2:amd64 (2.14-1ubuntu2) ...
  #5 16.85 Selecting previously unselected package gawk.
  #5 16.85 (Reading database ...
  (Reading database ... 5%
  (Reading database ... 10%
  (Reading database ... 15%
  (Reading database ... 20%
  (Reading database ... 25%
  (Reading database ... 30%
  (Reading database ... 35%
  (Reading database ... 40%
  (Reading database ... 45%
  (Reading database ... 50%
  (Reading database ... 55%
  (Reading database ... 60%
  (Reading database ... 65%
  (Reading database ... 70%
  (Reading database ... 75%
  (Reading database ... 80%
  (Reading database ... 85%
  (Reading database ... 90%
  (Reading database ... 95%
  (Reading database ... 100%
  (Reading database ... 5889 files and directories currently installed.)
  #5 16.85 Preparing to unpack .../0-gawk_1%3a5.2.1-2build3_amd64.deb ...
  #5 16.85 Unpacking gawk (1:5.2.1-2build3) ...
  #5 16.87 Selecting previously unselected package perl-modules-5.38.
  #5 16.87 Preparing to unpack .../1-perl-modules-5.38_5.38.2-3.2ubuntu0.2_all.deb ...
  #5 16.87 Unpacking perl-modules-5.38 (5.38.2-3.2ubuntu0.2) ...
  #5 17.02 Selecting previously unselected package libgdbm6t64:amd64.
  #5 17.02 Preparing to unpack .../2-libgdbm6t64_1.23-5.1build1_amd64.deb ...
  #5 17.02 Unpacking libgdbm6t64:amd64 (1.23-5.1build1) ...
  #5 17.03 Selecting previously unselected package libgdbm-compat4t64:amd64.
  #5 17.03 Preparing to unpack .../3-libgdbm-compat4t64_1.23-5.1build1_amd64.deb ...
  #5 17.03 Unpacking libgdbm-compat4t64:amd64 (1.23-5.1build1) ...
  #5 17.04 Selecting previously unselected package libperl5.38t64:amd64.
  #5 17.04 Preparing to unpack .../4-libperl5.38t64_5.38.2-3.2ubuntu0.2_amd64.deb ...
  #5 17.04 Unpacking libperl5.38t64:amd64 (5.38.2-3.2ubuntu0.2) ...
  #5 17.15 Selecting previously unselected package perl.
  #5 17.15 Preparing to unpack .../5-perl_5.38.2-3.2ubuntu0.2_amd64.deb ...
  #5 17.15 Unpacking perl (5.38.2-3.2ubuntu0.2) ...
  #5 17.17 Selecting previously unselected package adduser.
  #5 17.17 Preparing to unpack .../6-adduser_3.137ubuntu1_all.deb ...
  #5 17.17 Unpacking adduser (3.137ubuntu1) ...
  #5 17.19 Setting up adduser (3.137ubuntu1) ...
  #5 17.21 Selecting previously unselected package openssl.
  #5 17.21 (Reading database ...
  (Reading database ... 5%
  (Reading database ... 10%
  (Reading database ... 15%
  (Reading database ... 20%
  (Reading database ... 25%
  (Reading database ... 30%
  (Reading database ... 35%
  (Reading database ... 40%
  (Reading database ... 45%
  (Reading database ... 50%
  (Reading database ... 55%
  (Reading database ... 60%
  (Reading database ... 65%
  (Reading database ... 70%
  (Reading database ... 75%
  (Reading database ... 80%
  (Reading database ... 85%
  (Reading database ... 90%
  (Reading database ... 95%
  (Reading database ... 100%
  (Reading database ... 8115 files and directories currently installed.)
  #5 17.21 Preparing to unpack .../000-openssl_3.0.13-0ubuntu3.6_amd64.deb ...
  #5 17.21 Unpacking openssl (3.0.13-0ubuntu3.6) ...
  #5 17.24 Selecting previously unselected package ca-certificates.
  #5 17.24 Preparing to unpack .../001-ca-certificates_20240203_all.deb ...
  #5 17.24 Unpacking ca-certificates (20240203) ...
  #5 17.26 Selecting previously unselected package krb5-locales.
  #5 17.26 Preparing to unpack .../002-krb5-locales_1.20.1-6ubuntu2.6_all.deb ...
  #5 17.26 Unpacking krb5-locales (1.20.1-6ubuntu2.6) ...
  #5 17.27 Selecting previously unselected package less.
  #5 17.27 Preparing to unpack .../003-less_590-2ubuntu2.1_amd64.deb ...
  #5 17.27 Unpacking less (590-2ubuntu2.1) ...
  #5 17.29 Selecting previously unselected package libbsd0:amd64.
  #5 17.29 Preparing to unpack .../004-libbsd0_0.12.1-1build1.1_amd64.deb ...
  #5 17.29 Unpacking libbsd0:amd64 (0.12.1-1build1.1) ...
  #5 17.30 Selecting previously unselected package libkrb5support0:amd64.
  #5 17.30 Preparing to unpack .../005-libkrb5support0_1.20.1-6ubuntu2.6_amd64.deb ...
  #5 17.30 Unpacking libkrb5support0:amd64 (1.20.1-6ubuntu2.6) ...
  #5 17.31 Selecting previously unselected package libk5crypto3:amd64.
  #5 17.31 Preparing to unpack .../006-libk5crypto3_1.20.1-6ubuntu2.6_amd64.deb ...
  #5 17.31 Unpacking libk5crypto3:amd64 (1.20.1-6ubuntu2.6) ...
  #5 17.32 Selecting previously unselected package libkeyutils1:amd64.
  #5 17.32 Preparing to unpack .../007-libkeyutils1_1.6.3-3build1_amd64.deb ...
  #5 17.32 Unpacking libkeyutils1:amd64 (1.6.3-3build1) ...
  #5 17.33 Selecting previously unselected package libkrb5-3:amd64.
  #5 17.33 Preparing to unpack .../008-libkrb5-3_1.20.1-6ubuntu2.6_amd64.deb ...
  #5 17.34 Unpacking libkrb5-3:amd64 (1.20.1-6ubuntu2.6) ...
  #5 17.35 Selecting previously unselected package libgssapi-krb5-2:amd64.
  #5 17.35 Preparing to unpack .../009-libgssapi-krb5-2_1.20.1-6ubuntu2.6_amd64.deb ...
  #5 17.35 Unpacking libgssapi-krb5-2:amd64 (1.20.1-6ubuntu2.6) ...
  #5 17.36 Selecting previously unselected package libicu74:amd64.
  #5 17.37 Preparing to unpack .../010-libicu74_74.2-1ubuntu3.1_amd64.deb ...
  #5 17.37 Unpacking libicu74:amd64 (74.2-1ubuntu3.1) ...
  #5 17.45 Selecting previously unselected package libxml2:amd64.
  #5 17.45 Preparing to unpack .../011-libxml2_2.9.14+dfsg-1.3ubuntu3.5_amd64.deb ...
  #5 17.46 Unpacking libxml2:amd64 (2.9.14+dfsg-1.3ubuntu3.5) ...
  #5 17.47 Selecting previously unselected package libmagic-mgc.
  #5 17.47 Preparing to unpack .../012-libmagic-mgc_1%3a5.45-3build1_amd64.deb ...
  #5 17.47 Unpacking libmagic-mgc (1:5.45-3build1) ...
  #5 17.50 Selecting previously unselected package libmagic1t64:amd64.
  #5 17.50 Preparing to unpack .../013-libmagic1t64_1%3a5.45-3build1_amd64.deb ...
  #5 17.50 Unpacking libmagic1t64:amd64 (1:5.45-3build1) ...
  #5 17.51 Selecting previously unselected package file.
  #5 17.51 Preparing to unpack .../014-file_1%3a5.45-3build1_amd64.deb ...
  #5 17.51 Unpacking file (1:5.45-3build1) ...
  #5 17.52 Selecting previously unselected package gettext-base.
  #5 17.53 Preparing to unpack .../015-gettext-base_0.21-14ubuntu2_amd64.deb ...
  #5 17.53 Unpacking gettext-base (0.21-14ubuntu2) ...
  #5 17.54 Selecting previously unselected package libcbor0.10:amd64.
  #5 17.54 Preparing to unpack .../016-libcbor0.10_0.10.2-1.2ubuntu2_amd64.deb ...
  #5 17.54 Unpacking libcbor0.10:amd64 (0.10.2-1.2ubuntu2) ...
  #5 17.55 Selecting previously unselected package libedit2:amd64.
  #5 17.55 Preparing to unpack .../017-libedit2_3.1-20230828-1build1_amd64.deb ...
  #5 17.55 Unpacking libedit2:amd64 (3.1-20230828-1build1) ...
  #5 17.56 Selecting previously unselected package libfido2-1:amd64.
  #5 17.56 Preparing to unpack .../018-libfido2-1_1.14.0-1build3_amd64.deb ...
  #5 17.56 Unpacking libfido2-1:amd64 (1.14.0-1build3) ...
  #5 17.58 Selecting previously unselected package libjansson4:amd64.
  #5 17.58 Preparing to unpack .../019-libjansson4_2.14-2build2_amd64.deb ...
  #5 17.58 Unpacking libjansson4:amd64 (2.14-2build2) ...
  #5 17.59 Selecting previously unselected package libnghttp2-14:amd64.
  #5 17.59 Preparing to unpack .../020-libnghttp2-14_1.59.0-1ubuntu0.2_amd64.deb ...
  #5 17.59 Unpacking libnghttp2-14:amd64 (1.59.0-1ubuntu0.2) ...
  #5 17.60 Selecting previously unselected package libpng16-16t64:amd64.
  #5 17.60 Preparing to unpack .../021-libpng16-16t64_1.6.43-5build1_amd64.deb ...
  #5 17.60 Unpacking libpng16-16t64:amd64 (1.6.43-5build1) ...
  #5 17.62 Selecting previously unselected package libpsl5t64:amd64.
  #5 17.62 Preparing to unpack .../022-libpsl5t64_0.21.2-1.1build1_amd64.deb ...
  #5 17.62 Unpacking libpsl5t64:amd64 (0.21.2-1.1build1) ...
  #5 17.63 Selecting previously unselected package libuv1t64:amd64.
  #5 17.63 Preparing to unpack .../023-libuv1t64_1.48.0-1.1build1_amd64.deb ...
  #5 17.63 Unpacking libuv1t64:amd64 (1.48.0-1.1build1) ...
  #5 17.64 Selecting previously unselected package libxau6:amd64.
  #5 17.64 Preparing to unpack .../024-libxau6_1%3a1.0.9-1build6_amd64.deb ...
  #5 17.64 Unpacking libxau6:amd64 (1:1.0.9-1build6) ...
  #5 17.65 Selecting previously unselected package libxdmcp6:amd64.
  #5 17.65 Preparing to unpack .../025-libxdmcp6_1%3a1.1.3-0ubuntu6_amd64.deb ...
  #5 17.66 Unpacking libxdmcp6:amd64 (1:1.1.3-0ubuntu6) ...
  #5 17.67 Selecting previously unselected package libxcb1:amd64.
  #5 17.67 Preparing to unpack .../026-libxcb1_1.15-1ubuntu2_amd64.deb ...
  #5 17.67 Unpacking libxcb1:amd64 (1.15-1ubuntu2) ...
  #5 17.68 Selecting previously unselected package libx11-data.
  #5 17.68 Preparing to unpack .../027-libx11-data_2%3a1.8.7-1build1_all.deb ...
  #5 17.68 Unpacking libx11-data (2:1.8.7-1build1) ...
  #5 17.71 Selecting previously unselected package libx11-6:amd64.
  #5 17.71 Preparing to unpack .../028-libx11-6_2%3a1.8.7-1build1_amd64.deb ...
  #5 17.71 Unpacking libx11-6:amd64 (2:1.8.7-1build1) ...
  #5 17.72 Selecting previously unselected package libxext6:amd64.
  #5 17.73 Preparing to unpack .../029-libxext6_2%3a1.3.4-1build2_amd64.deb ...
  #5 17.73 Unpacking libxext6:amd64 (2:1.3.4-1build2) ...
  #5 17.74 Selecting previously unselected package libxmuu1:amd64.
  #5 17.74 Preparing to unpack .../030-libxmuu1_2%3a1.1.3-3build2_amd64.deb ...
  #5 17.74 Unpacking libxmuu1:amd64 (2:1.1.3-3build2) ...
  #5 17.75 Selecting previously unselected package manpages.
  #5 17.75 Preparing to unpack .../031-manpages_6.7-2_all.deb ...
  #5 17.75 Unpacking manpages (6.7-2) ...
  #5 17.77 Selecting previously unselected package openssh-client.
  #5 17.77 Preparing to unpack .../032-openssh-client_1%3a9.6p1-3ubuntu13.14_amd64.deb ...
  #5 17.77 Unpacking openssh-client (1:9.6p1-3ubuntu13.14) ...
  #5 17.80 Selecting previously unselected package publicsuffix.
  #5 17.80 Preparing to unpack .../033-publicsuffix_20231001.0357-0.1_all.deb ...
  #5 17.80 Unpacking publicsuffix (20231001.0357-0.1) ...
  #5 17.81 Selecting previously unselected package wget.
  #5 17.81 Preparing to unpack .../034-wget_1.21.4-1ubuntu4.1_amd64.deb ...
  #5 17.81 Unpacking wget (1.21.4-1ubuntu4.1) ...
  #5 17.82 Selecting previously unselected package xauth.
  #5 17.83 Preparing to unpack .../035-xauth_1%3a1.1.2-1build1_amd64.deb ...
  #5 17.83 Unpacking xauth (1:1.1.2-1build1) ...
  #5 17.84 Selecting previously unselected package xz-utils.
  #5 17.84 Preparing to unpack .../036-xz-utils_5.6.1+really5.4.5-1ubuntu0.2_amd64.deb ...
  #5 17.84 Unpacking xz-utils (5.6.1+really5.4.5-1ubuntu0.2) ...
  #5 17.85 Selecting previously unselected package autoconf.
  #5 17.85 Preparing to unpack .../037-autoconf_2.71-3_all.deb ...
  #5 17.85 Unpacking autoconf (2.71-3) ...
  #5 17.87 Selecting previously unselected package autotools-dev.
  #5 17.87 Preparing to unpack .../038-autotools-dev_20220109.1_all.deb ...
  #5 17.87 Unpacking autotools-dev (20220109.1) ...
  #5 17.89 Selecting previously unselected package automake.
  #5 17.89 Preparing to unpack .../039-automake_1%3a1.16.5-1.3ubuntu1_all.deb ...
  #5 17.89 Unpacking automake (1:1.16.5-1.3ubuntu1) ...
  #5 17.91 Selecting previously unselected package binutils-common:amd64.
  #5 17.91 Preparing to unpack .../040-binutils-common_2.42-4ubuntu2.5_amd64.deb ...
  #5 17.91 Unpacking binutils-common:amd64 (2.42-4ubuntu2.5) ...
  #5 17.92 Selecting previously unselected package libsframe1:amd64.
  #5 17.92 Preparing to unpack .../041-libsframe1_2.42-4ubuntu2.5_amd64.deb ...
  #5 17.93 Unpacking libsframe1:amd64 (2.42-4ubuntu2.5) ...
  #5 17.94 Selecting previously unselected package libbinutils:amd64.
  #5 17.94 Preparing to unpack .../042-libbinutils_2.42-4ubuntu2.5_amd64.deb ...
  #5 17.94 Unpacking libbinutils:amd64 (2.42-4ubuntu2.5) ...
  #5 17.95 Selecting previously unselected package libctf-nobfd0:amd64.
  #5 17.95 Preparing to unpack .../043-libctf-nobfd0_2.42-4ubuntu2.5_amd64.deb ...
  #5 17.96 Unpacking libctf-nobfd0:amd64 (2.42-4ubuntu2.5) ...
  #5 17.97 Selecting previously unselected package libctf0:amd64.
  #5 17.97 Preparing to unpack .../044-libctf0_2.42-4ubuntu2.5_amd64.deb ...
  #5 17.97 Unpacking libctf0:amd64 (2.42-4ubuntu2.5) ...
  #5 17.98 Selecting previously unselected package libgprofng0:amd64.
  #5 17.98 Preparing to unpack .../045-libgprofng0_2.42-4ubuntu2.5_amd64.deb ...
  #5 17.98 Unpacking libgprofng0:amd64 (2.42-4ubuntu2.5) ...
  #5 18.00 Selecting previously unselected package binutils-x86-64-linux-gnu.
  #5 18.00 Preparing to unpack .../046-binutils-x86-64-linux-gnu_2.42-4ubuntu2.5_amd64.deb ...
  #5 18.00 Unpacking binutils-x86-64-linux-gnu (2.42-4ubuntu2.5) ...
  #5 18.05 Selecting previously unselected package binutils.
  #5 18.05 Preparing to unpack .../047-binutils_2.42-4ubuntu2.5_amd64.deb ...
  #5 18.05 Unpacking binutils (2.42-4ubuntu2.5) ...
  #5 18.06 Selecting previously unselected package bison.
  #5 18.06 Preparing to unpack .../048-bison_2%3a3.8.2+dfsg-1build2_amd64.deb ...
  #5 18.06 Unpacking bison (2:3.8.2+dfsg-1build2) ...
  #5 18.08 Selecting previously unselected package libc-dev-bin.
  #5 18.08 Preparing to unpack .../049-libc-dev-bin_2.39-0ubuntu8.6_amd64.deb ...
  #5 18.09 Unpacking libc-dev-bin (2.39-0ubuntu8.6) ...
  #5 18.10 Selecting previously unselected package linux-libc-dev:amd64.
  #5 18.10 Preparing to unpack .../050-linux-libc-dev_6.8.0-86.87_amd64.deb ...
  #5 18.10 Unpacking linux-libc-dev:amd64 (6.8.0-86.87) ...
  #5 18.20 Selecting previously unselected package libcrypt-dev:amd64.
  #5 18.20 Preparing to unpack .../051-libcrypt-dev_1%3a4.4.36-4build1_amd64.deb ...
  #5 18.21 Unpacking libcrypt-dev:amd64 (1:4.4.36-4build1) ...
  #5 18.22 Selecting previously unselected package rpcsvc-proto.
  #5 18.22 Preparing to unpack .../052-rpcsvc-proto_1.4.2-0ubuntu7_amd64.deb ...
  #5 18.22 Unpacking rpcsvc-proto (1.4.2-0ubuntu7) ...
  #5 18.23 Selecting previously unselected package libc6-dev:amd64.
  #5 18.23 Preparing to unpack .../053-libc6-dev_2.39-0ubuntu8.6_amd64.deb ...
  #5 18.23 Unpacking libc6-dev:amd64 (2.39-0ubuntu8.6) ...
  #5 18.31 Selecting previously unselected package gcc-13-base:amd64.
  #5 18.31 Preparing to unpack .../054-gcc-13-base_13.3.0-6ubuntu2~24.04_amd64.deb ...
  #5 18.31 Unpacking gcc-13-base:amd64 (13.3.0-6ubuntu2~24.04) ...
  #5 18.32 Selecting previously unselected package libisl23:amd64.
  #5 18.32 Preparing to unpack .../055-libisl23_0.26-3build1.1_amd64.deb ...
  #5 18.32 Unpacking libisl23:amd64 (0.26-3build1.1) ...
  #5 18.34 Selecting previously unselected package libmpc3:amd64.
  #5 18.34 Preparing to unpack .../056-libmpc3_1.3.1-1build1.1_amd64.deb ...
  #5 18.34 Unpacking libmpc3:amd64 (1.3.1-1build1.1) ...
  #5 18.36 Selecting previously unselected package cpp-13-x86-64-linux-gnu.
  #5 18.36 Preparing to unpack .../057-cpp-13-x86-64-linux-gnu_13.3.0-6ubuntu2~24.04_amd64.deb ...
  #5 18.36 Unpacking cpp-13-x86-64-linux-gnu (13.3.0-6ubuntu2~24.04) ...
  #5 18.44 Selecting previously unselected package cpp-13.
  #5 18.44 Preparing to unpack .../058-cpp-13_13.3.0-6ubuntu2~24.04_amd64.deb ...
  #5 18.44 Unpacking cpp-13 (13.3.0-6ubuntu2~24.04) ...
  #5 18.45 Selecting previously unselected package cpp-x86-64-linux-gnu.
  #5 18.45 Preparing to unpack .../059-cpp-x86-64-linux-gnu_4%3a13.2.0-7ubuntu1_amd64.deb ...
  #5 18.45 Unpacking cpp-x86-64-linux-gnu (4:13.2.0-7ubuntu1) ...
  #5 18.46 Selecting previously unselected package cpp.
  #5 18.47 Preparing to unpack .../060-cpp_4%3a13.2.0-7ubuntu1_amd64.deb ...
  #5 18.47 Unpacking cpp (4:13.2.0-7ubuntu1) ...
  #5 18.48 Selecting previously unselected package libcc1-0:amd64.
  #5 18.48 Preparing to unpack .../061-libcc1-0_14.2.0-4ubuntu2~24.04_amd64.deb ...
  #5 18.48 Unpacking libcc1-0:amd64 (14.2.0-4ubuntu2~24.04) ...
  #5 18.49 Selecting previously unselected package libgomp1:amd64.
  #5 18.49 Preparing to unpack .../062-libgomp1_14.2.0-4ubuntu2~24.04_amd64.deb ...
  #5 18.50 Unpacking libgomp1:amd64 (14.2.0-4ubuntu2~24.04) ...
  #5 18.51 Selecting previously unselected package libitm1:amd64.
  #5 18.51 Preparing to unpack .../063-libitm1_14.2.0-4ubuntu2~24.04_amd64.deb ...
  #5 18.51 Unpacking libitm1:amd64 (14.2.0-4ubuntu2~24.04) ...
  #5 18.52 Selecting previously unselected package libatomic1:amd64.
  #5 18.52 Preparing to unpack .../064-libatomic1_14.2.0-4ubuntu2~24.04_amd64.deb ...
  #5 18.52 Unpacking libatomic1:amd64 (14.2.0-4ubuntu2~24.04) ...
  #5 18.53 Selecting previously unselected package libasan8:amd64.
  #5 18.53 Preparing to unpack .../065-libasan8_14.2.0-4ubuntu2~24.04_amd64.deb ...
  #5 18.53 Unpacking libasan8:amd64 (14.2.0-4ubuntu2~24.04) ...
  #5 18.57 Selecting previously unselected package liblsan0:amd64.
  #5 18.57 Preparing to unpack .../066-liblsan0_14.2.0-4ubuntu2~24.04_amd64.deb ...
  #5 18.57 Unpacking liblsan0:amd64 (14.2.0-4ubuntu2~24.04) ...
  #5 18.59 Selecting previously unselected package libtsan2:amd64.
  #5 18.60 Preparing to unpack .../067-libtsan2_14.2.0-4ubuntu2~24.04_amd64.deb ...
  #5 18.60 Unpacking libtsan2:amd64 (14.2.0-4ubuntu2~24.04) ...
  #5 18.63 Selecting previously unselected package libubsan1:amd64.
  #5 18.63 Preparing to unpack .../068-libubsan1_14.2.0-4ubuntu2~24.04_amd64.deb ...
  #5 18.63 Unpacking libubsan1:amd64 (14.2.0-4ubuntu2~24.04) ...
  #5 18.65 Selecting previously unselected package libhwasan0:amd64.
  #5 18.65 Preparing to unpack .../069-libhwasan0_14.2.0-4ubuntu2~24.04_amd64.deb ...
  #5 18.65 Unpacking libhwasan0:amd64 (14.2.0-4ubuntu2~24.04) ...
  #5 18.67 Selecting previously unselected package libquadmath0:amd64.
  #5 18.68 Preparing to unpack .../070-libquadmath0_14.2.0-4ubuntu2~24.04_amd64.deb ...
  #5 18.68 Unpacking libquadmath0:amd64 (14.2.0-4ubuntu2~24.04) ...
  #5 18.69 Selecting previously unselected package libgcc-13-dev:amd64.
  #5 18.69 Preparing to unpack .../071-libgcc-13-dev_13.3.0-6ubuntu2~24.04_amd64.deb ...
  #5 18.69 Unpacking libgcc-13-dev:amd64 (13.3.0-6ubuntu2~24.04) ...
  #5 18.74 Selecting previously unselected package gcc-13-x86-64-linux-gnu.
  #5 18.74 Preparing to unpack .../072-gcc-13-x86-64-linux-gnu_13.3.0-6ubuntu2~24.04_amd64.deb ...
  #5 18.74 Unpacking gcc-13-x86-64-linux-gnu (13.3.0-6ubuntu2~24.04) ...
  #5 18.88 Selecting previously unselected package gcc-13.
  #5 18.88 Preparing to unpack .../073-gcc-13_13.3.0-6ubuntu2~24.04_amd64.deb ...
  #5 18.89 Unpacking gcc-13 (13.3.0-6ubuntu2~24.04) ...
  #5 18.90 Selecting previously unselected package gcc-x86-64-linux-gnu.
  #5 18.90 Preparing to unpack .../074-gcc-x86-64-linux-gnu_4%3a13.2.0-7ubuntu1_amd64.deb ...
  #5 18.90 Unpacking gcc-x86-64-linux-gnu (4:13.2.0-7ubuntu1) ...
  #5 18.91 Selecting previously unselected package gcc.
  #5 18.91 Preparing to unpack .../075-gcc_4%3a13.2.0-7ubuntu1_amd64.deb ...
  #5 18.91 Unpacking gcc (4:13.2.0-7ubuntu1) ...
  #5 18.92 Selecting previously unselected package libstdc++-13-dev:amd64.
  #5 18.92 Preparing to unpack .../076-libstdc++-13-dev_13.3.0-6ubuntu2~24.04_amd64.deb ...
  #5 18.92 Unpacking libstdc++-13-dev:amd64 (13.3.0-6ubuntu2~24.04) ...
  #5 19.04 Selecting previously unselected package g++-13-x86-64-linux-gnu.
  #5 19.04 Preparing to unpack .../077-g++-13-x86-64-linux-gnu_13.3.0-6ubuntu2~24.04_amd64.deb ...
  #5 19.04 Unpacking g++-13-x86-64-linux-gnu (13.3.0-6ubuntu2~24.04) ...
  #5 19.12 Selecting previously unselected package g++-13.
  #5 19.12 Preparing to unpack .../078-g++-13_13.3.0-6ubuntu2~24.04_amd64.deb ...
  #5 19.12 Unpacking g++-13 (13.3.0-6ubuntu2~24.04) ...
  #5 19.13 Selecting previously unselected package g++-x86-64-linux-gnu.
  #5 19.14 Preparing to unpack .../079-g++-x86-64-linux-gnu_4%3a13.2.0-7ubuntu1_amd64.deb ...
  #5 19.14 Unpacking g++-x86-64-linux-gnu (4:13.2.0-7ubuntu1) ...
  #5 19.15 Selecting previously unselected package g++.
  #5 19.15 Preparing to unpack .../080-g++_4%3a13.2.0-7ubuntu1_amd64.deb ...
  #5 19.15 Unpacking g++ (4:13.2.0-7ubuntu1) ...
  #5 19.16 Selecting previously unselected package make.
  #5 19.16 Preparing to unpack .../081-make_4.3-4.1build2_amd64.deb ...
  #5 19.16 Unpacking make (4.3-4.1build2) ...
  #5 19.17 Selecting previously unselected package libdpkg-perl.
  #5 19.17 Preparing to unpack .../082-libdpkg-perl_1.22.6ubuntu6.5_all.deb ...
  #5 19.17 Unpacking libdpkg-perl (1.22.6ubuntu6.5) ...
  #5 19.19 Selecting previously unselected package bzip2.
  #5 19.19 Preparing to unpack .../083-bzip2_1.0.8-5.1build0.1_amd64.deb ...
  #5 19.20 Unpacking bzip2 (1.0.8-5.1build0.1) ...
  #5 19.21 Selecting previously unselected package patch.
  #5 19.21 Preparing to unpack .../084-patch_2.7.6-7build3_amd64.deb ...
  #5 19.21 Unpacking patch (2.7.6-7build3) ...
  #5 19.23 Selecting previously unselected package lto-disabled-list.
  #5 19.23 Preparing to unpack .../085-lto-disabled-list_47_all.deb ...
  #5 19.23 Unpacking lto-disabled-list (47) ...
  #5 19.24 Selecting previously unselected package dpkg-dev.
  #5 19.24 Preparing to unpack .../086-dpkg-dev_1.22.6ubuntu6.5_all.deb ...
  #5 19.24 Unpacking dpkg-dev (1.22.6ubuntu6.5) ...
  #5 19.26 Selecting previously unselected package build-essential.
  #5 19.26 Preparing to unpack .../087-build-essential_12.10ubuntu1_amd64.deb ...
  #5 19.26 Unpacking build-essential (12.10ubuntu1) ...
  #5 19.27 Selecting previously unselected package libhiredis1.1.0:amd64.
  #5 19.27 Preparing to unpack .../088-libhiredis1.1.0_1.2.0-6ubuntu3_amd64.deb ...
  #5 19.28 Unpacking libhiredis1.1.0:amd64 (1.2.0-6ubuntu3) ...
  #5 19.29 Selecting previously unselected package ccache.
  #5 19.29 Preparing to unpack .../089-ccache_4.9.1-1_amd64.deb ...
  #5 19.29 Unpacking ccache (4.9.1-1) ...
  #5 19.31 Selecting previously unselected package libarchive13t64:amd64.
  #5 19.31 Preparing to unpack .../090-libarchive13t64_3.7.2-2ubuntu0.5_amd64.deb ...
  #5 19.31 Unpacking libarchive13t64:amd64 (3.7.2-2ubuntu0.5) ...
  #5 19.32 Selecting previously unselected package libbrotli1:amd64.
  #5 19.32 Preparing to unpack .../091-libbrotli1_1.1.0-2build2_amd64.deb ...
  #5 19.32 Unpacking libbrotli1:amd64 (1.1.0-2build2) ...
  #5 19.34 Selecting previously unselected package libsasl2-modules-db:amd64.
  #5 19.34 Preparing to unpack .../092-libsasl2-modules-db_2.1.28+dfsg1-5ubuntu3.1_amd64.deb ...
  #5 19.34 Unpacking libsasl2-modules-db:amd64 (2.1.28+dfsg1-5ubuntu3.1) ...
  #5 19.35 Selecting previously unselected package libsasl2-2:amd64.
  #5 19.35 Preparing to unpack .../093-libsasl2-2_2.1.28+dfsg1-5ubuntu3.1_amd64.deb ...
  #5 19.35 Unpacking libsasl2-2:amd64 (2.1.28+dfsg1-5ubuntu3.1) ...
  #5 19.37 Selecting previously unselected package libldap2:amd64.
  #5 19.37 Preparing to unpack .../094-libldap2_2.6.7+dfsg-1~exp1ubuntu8.2_amd64.deb ...
  #5 19.37 Unpacking libldap2:amd64 (2.6.7+dfsg-1~exp1ubuntu8.2) ...
  #5 19.38 Selecting previously unselected package librtmp1:amd64.
  #5 19.38 Preparing to unpack .../095-librtmp1_2.4+20151223.gitfa8646d.1-2build7_amd64.deb ...
  #5 19.38 Unpacking librtmp1:amd64 (2.4+20151223.gitfa8646d.1-2build7) ...
  #5 19.40 Selecting previously unselected package libssh-4:amd64.
  #5 19.40 Preparing to unpack .../096-libssh-4_0.10.6-2ubuntu0.1_amd64.deb ...
  #5 19.40 Unpacking libssh-4:amd64 (0.10.6-2ubuntu0.1) ...
  #5 19.41 Selecting previously unselected package libcurl4t64:amd64.
  #5 19.41 Preparing to unpack .../097-libcurl4t64_8.5.0-2ubuntu10.6_amd64.deb ...
  #5 19.41 Unpacking libcurl4t64:amd64 (8.5.0-2ubuntu10.6) ...
  #5 19.43 Selecting previously unselected package libjsoncpp25:amd64.
  #5 19.43 Preparing to unpack .../098-libjsoncpp25_1.9.5-6build1_amd64.deb ...
  #5 19.43 Unpacking libjsoncpp25:amd64 (1.9.5-6build1) ...
  #5 19.44 Selecting previously unselected package librhash0:amd64.
  #5 19.44 Preparing to unpack .../099-librhash0_1.4.3-3build1_amd64.deb ...
  #5 19.44 Unpacking librhash0:amd64 (1.4.3-3build1) ...
  #5 19.45 Selecting previously unselected package cmake-data.
  #5 19.45 Preparing to unpack .../100-cmake-data_3.28.3-1build7_all.deb ...
  #5 19.46 Unpacking cmake-data (3.28.3-1build7) ...
  #5 19.74 Selecting previously unselected package cmake.
  #5 19.74 Preparing to unpack .../101-cmake_3.28.3-1build7_amd64.deb ...
  #5 19.75 Unpacking cmake (3.28.3-1build7) ...
  #5 19.85 Selecting previously unselected package curl.
  #5 19.85 Preparing to unpack .../102-curl_8.5.0-2ubuntu10.6_amd64.deb ...
  #5 19.85 Unpacking curl (8.5.0-2ubuntu10.6) ...
  #5 19.86 Selecting previously unselected package gpgconf.
  #5 19.87 Preparing to unpack .../103-gpgconf_2.4.4-2ubuntu17.3_amd64.deb ...
  #5 19.87 Unpacking gpgconf (2.4.4-2ubuntu17.3) ...
  #5 19.88 Selecting previously unselected package libksba8:amd64.
  #5 19.88 Preparing to unpack .../104-libksba8_1.6.6-1build1_amd64.deb ...
  #5 19.88 Unpacking libksba8:amd64 (1.6.6-1build1) ...
  #5 19.89 Selecting previously unselected package dirmngr.
  #5 19.89 Preparing to unpack .../105-dirmngr_2.4.4-2ubuntu17.3_amd64.deb ...
  #5 19.90 Unpacking dirmngr (2.4.4-2ubuntu17.3) ...
  #5 19.92 Selecting previously unselected package libfakeroot:amd64.
  #5 19.92 Preparing to unpack .../106-libfakeroot_1.33-1_amd64.deb ...
  #5 19.92 Unpacking libfakeroot:amd64 (1.33-1) ...
  #5 19.93 Selecting previously unselected package fakeroot.
  #5 19.93 Preparing to unpack .../107-fakeroot_1.33-1_amd64.deb ...
  #5 19.93 Unpacking fakeroot (1.33-1) ...
  #5 19.94 Selecting previously unselected package fonts-dejavu-mono.
  #5 19.94 Preparing to unpack .../108-fonts-dejavu-mono_2.37-8_all.deb ...
  #5 19.94 Unpacking fonts-dejavu-mono (2.37-8) ...
  #5 19.96 Selecting previously unselected package fonts-dejavu-core.
  #5 19.96 Preparing to unpack .../109-fonts-dejavu-core_2.37-8_all.deb ...
  #5 19.97 Unpacking fonts-dejavu-core (2.37-8) ...
  #5 19.99 Selecting previously unselected package fontconfig-config.
  #5 19.99 Preparing to unpack .../110-fontconfig-config_2.15.0-1.1ubuntu2_amd64.deb ...
  #5 20.09 Unpacking fontconfig-config (2.15.0-1.1ubuntu2) ...
  #5 20.10 Selecting previously unselected package gettext.
  #5 20.11 Preparing to unpack .../111-gettext_0.21-14ubuntu2_amd64.deb ...
  #5 20.11 Unpacking gettext (0.21-14ubuntu2) ...
  #5 20.13 Selecting previously unselected package libgfortran5:amd64.
  #5 20.13 Preparing to unpack .../112-libgfortran5_14.2.0-4ubuntu2~24.04_amd64.deb ...
  #5 20.13 Unpacking libgfortran5:amd64 (14.2.0-4ubuntu2~24.04) ...
  #5 20.16 Selecting previously unselected package libgfortran-13-dev:amd64.
  #5 20.16 Preparing to unpack .../113-libgfortran-13-dev_13.3.0-6ubuntu2~24.04_amd64.deb ...
  #5 20.16 Unpacking libgfortran-13-dev:amd64 (13.3.0-6ubuntu2~24.04) ...
  #5 20.18 Selecting previously unselected package gfortran-13-x86-64-linux-gnu.
  #5 20.18 Preparing to unpack .../114-gfortran-13-x86-64-linux-gnu_13.3.0-6ubuntu2~24.04_amd64.deb ...
  #5 20.18 Unpacking gfortran-13-x86-64-linux-gnu (13.3.0-6ubuntu2~24.04) ...
  #5 20.27 Selecting previously unselected package gfortran-13.
  #5 20.27 Preparing to unpack .../115-gfortran-13_13.3.0-6ubuntu2~24.04_amd64.deb ...
  #5 20.27 Unpacking gfortran-13 (13.3.0-6ubuntu2~24.04) ...
  #5 20.28 Selecting previously unselected package gfortran-x86-64-linux-gnu.
  #5 20.28 Preparing to unpack .../116-gfortran-x86-64-linux-gnu_4%3a13.2.0-7ubuntu1_amd64.deb ...
  #5 20.28 Unpacking gfortran-x86-64-linux-gnu (4:13.2.0-7ubuntu1) ...
  #5 20.29 Selecting previously unselected package gfortran.
  #5 20.30 Preparing to unpack .../117-gfortran_4%3a13.2.0-7ubuntu1_amd64.deb ...
  #5 20.30 Unpacking gfortran (4:13.2.0-7ubuntu1) ...
  #5 20.31 Selecting previously unselected package libcurl3t64-gnutls:amd64.
  #5 20.31 Preparing to unpack .../118-libcurl3t64-gnutls_8.5.0-2ubuntu10.6_amd64.deb ...
  #5 20.31 Unpacking libcurl3t64-gnutls:amd64 (8.5.0-2ubuntu10.6) ...
  #5 20.32 Selecting previously unselected package liberror-perl.
  #5 20.32 Preparing to unpack .../119-liberror-perl_0.17029-2_all.deb ...
  #5 20.32 Unpacking liberror-perl (0.17029-2) ...
  #5 20.34 Selecting previously unselected package git-man.
  #5 20.34 Preparing to unpack .../120-git-man_1%3a2.43.0-1ubuntu7.3_all.deb ...
  #5 20.34 Unpacking git-man (1:2.43.0-1ubuntu7.3) ...
  #5 20.36 Selecting previously unselected package git.
  #5 20.36 Preparing to unpack .../121-git_1%3a2.43.0-1ubuntu7.3_amd64.deb ...
  #5 20.36 Unpacking git (1:2.43.0-1ubuntu7.3) ...
  #5 20.44 Selecting previously unselected package gnupg-utils.
  #5 20.44 Preparing to unpack .../122-gnupg-utils_2.4.4-2ubuntu17.3_amd64.deb ...
  #5 20.44 Unpacking gnupg-utils (2.4.4-2ubuntu17.3) ...
  #5 20.46 Selecting previously unselected package gpg.
  #5 20.46 Preparing to unpack .../123-gpg_2.4.4-2ubuntu17.3_amd64.deb ...
  #5 20.46 Unpacking gpg (2.4.4-2ubuntu17.3) ...
  #5 20.47 Selecting previously unselected package pinentry-curses.
  #5 20.47 Preparing to unpack .../124-pinentry-curses_1.2.1-3ubuntu5_amd64.deb ...
  #5 20.47 Unpacking pinentry-curses (1.2.1-3ubuntu5) ...
  #5 20.49 Selecting previously unselected package gpg-agent.
  #5 20.49 Preparing to unpack .../125-gpg-agent_2.4.4-2ubuntu17.3_amd64.deb ...
  #5 20.49 Unpacking gpg-agent (2.4.4-2ubuntu17.3) ...
  #5 20.50 Selecting previously unselected package gpgsm.
  #5 20.50 Preparing to unpack .../126-gpgsm_2.4.4-2ubuntu17.3_amd64.deb ...
  #5 20.51 Unpacking gpgsm (2.4.4-2ubuntu17.3) ...
  #5 20.52 Selecting previously unselected package keyboxd.
  #5 20.52 Preparing to unpack .../127-keyboxd_2.4.4-2ubuntu17.3_amd64.deb ...
  #5 20.52 Unpacking keyboxd (2.4.4-2ubuntu17.3) ...
  #5 20.53 Selecting previously unselected package gnupg.
  #5 20.53 Preparing to unpack .../128-gnupg_2.4.4-2ubuntu17.3_all.deb ...
  #5 20.53 Unpacking gnupg (2.4.4-2ubuntu17.3) ...
  #5 20.54 Selecting previously unselected package gnupg-l10n.
  #5 20.55 Preparing to unpack .../129-gnupg-l10n_2.4.4-2ubuntu17.3_all.deb ...
  #5 20.55 Unpacking gnupg-l10n (2.4.4-2ubuntu17.3) ...
  #5 20.56 Selecting previously unselected package gpg-wks-client.
  #5 20.56 Preparing to unpack .../130-gpg-wks-client_2.4.4-2ubuntu17.3_amd64.deb ...
  #5 20.56 Unpacking gpg-wks-client (2.4.4-2ubuntu17.3) ...
  #5 20.57 Selecting previously unselected package libalgorithm-diff-perl.
  #5 20.57 Preparing to unpack .../131-libalgorithm-diff-perl_1.201-1_all.deb ...
  #5 20.57 Unpacking libalgorithm-diff-perl (1.201-1) ...
  #5 20.59 Selecting previously unselected package libalgorithm-diff-xs-perl:amd64.
  #5 20.59 Preparing to unpack .../132-libalgorithm-diff-xs-perl_0.04-8build3_amd64.deb ...
  #5 20.59 Unpacking libalgorithm-diff-xs-perl:amd64 (0.04-8build3) ...
  #5 20.60 Selecting previously unselected package libalgorithm-merge-perl.
  #5 20.60 Preparing to unpack .../133-libalgorithm-merge-perl_0.08-5_all.deb ...
  #5 20.60 Unpacking libalgorithm-merge-perl (0.08-5) ...
  #5 20.61 Selecting previously unselected package libaom3:amd64.
  #5 20.61 Preparing to unpack .../134-libaom3_3.8.2-2ubuntu0.1_amd64.deb ...
  #5 20.61 Unpacking libaom3:amd64 (3.8.2-2ubuntu0.1) ...
  #5 20.64 Selecting previously unselected package libfreetype6:amd64.
  #5 20.64 Preparing to unpack .../135-libfreetype6_2.13.2+dfsg-1build3_amd64.deb ...
  #5 20.64 Unpacking libfreetype6:amd64 (2.13.2+dfsg-1build3) ...
  #5 20.66 Selecting previously unselected package libfontconfig1:amd64.
  #5 20.66 Preparing to unpack .../136-libfontconfig1_2.15.0-1.1ubuntu2_amd64.deb ...
  #5 20.66 Unpacking libfontconfig1:amd64 (2.15.0-1.1ubuntu2) ...
  #5 20.67 Selecting previously unselected package libsharpyuv0:amd64.
  #5 20.67 Preparing to unpack .../137-libsharpyuv0_1.3.2-0.4build3_amd64.deb ...
  #5 20.67 Unpacking libsharpyuv0:amd64 (1.3.2-0.4build3) ...
  #5 20.68 Selecting previously unselected package libheif-plugin-aomdec:amd64.
  #5 20.69 Preparing to unpack .../138-libheif-plugin-aomdec_1.17.6-1ubuntu4.1_amd64.deb ...
  #5 20.69 Unpacking libheif-plugin-aomdec:amd64 (1.17.6-1ubuntu4.1) ...
  #5 20.70 Selecting previously unselected package libde265-0:amd64.
  #5 20.70 Preparing to unpack .../139-libde265-0_1.0.15-1build3_amd64.deb ...
  #5 20.70 Unpacking libde265-0:amd64 (1.0.15-1build3) ...
  #5 20.71 Selecting previously unselected package libheif-plugin-libde265:amd64.
  #5 20.71 Preparing to unpack .../140-libheif-plugin-libde265_1.17.6-1ubuntu4.1_amd64.deb ...
  #5 20.71 Unpacking libheif-plugin-libde265:amd64 (1.17.6-1ubuntu4.1) ...
  #5 20.72 Selecting previously unselected package libheif1:amd64.
  #5 20.73 Preparing to unpack .../141-libheif1_1.17.6-1ubuntu4.1_amd64.deb ...
  #5 20.73 Unpacking libheif1:amd64 (1.17.6-1ubuntu4.1) ...
  #5 20.74 Selecting previously unselected package libjpeg-turbo8:amd64.
  #5 20.74 Preparing to unpack .../142-libjpeg-turbo8_2.1.5-2ubuntu2_amd64.deb ...
  #5 20.74 Unpacking libjpeg-turbo8:amd64 (2.1.5-2ubuntu2) ...
  #5 20.75 Selecting previously unselected package libjpeg8:amd64.
  #5 20.75 Preparing to unpack .../143-libjpeg8_8c-2ubuntu11_amd64.deb ...
  #5 20.75 Unpacking libjpeg8:amd64 (8c-2ubuntu11) ...
  #5 20.77 Selecting previously unselected package libdeflate0:amd64.
  #5 20.77 Preparing to unpack .../144-libdeflate0_1.19-1build1.1_amd64.deb ...
  #5 20.77 Unpacking libdeflate0:amd64 (1.19-1build1.1) ...
  #5 20.78 Selecting previously unselected package libjbig0:amd64.
  #5 20.78 Preparing to unpack .../145-libjbig0_2.1-6.1ubuntu2_amd64.deb ...
  #5 20.78 Unpacking libjbig0:amd64 (2.1-6.1ubuntu2) ...
  #5 20.79 Selecting previously unselected package liblerc4:amd64.
  #5 20.79 Preparing to unpack .../146-liblerc4_4.0.0+ds-4ubuntu2_amd64.deb ...
  #5 20.79 Unpacking liblerc4:amd64 (4.0.0+ds-4ubuntu2) ...
  #5 20.81 Selecting previously unselected package libwebp7:amd64.
  #5 20.81 Preparing to unpack .../147-libwebp7_1.3.2-0.4build3_amd64.deb ...
  #5 20.81 Unpacking libwebp7:amd64 (1.3.2-0.4build3) ...
  #5 20.82 Selecting previously unselected package libtiff6:amd64.
  #5 20.82 Preparing to unpack .../148-libtiff6_4.5.1+git230720-4ubuntu2.4_amd64.deb ...
  #5 20.82 Unpacking libtiff6:amd64 (4.5.1+git230720-4ubuntu2.4) ...
  #5 20.84 Selecting previously unselected package libxpm4:amd64.
  #5 20.84 Preparing to unpack .../149-libxpm4_1%3a3.5.17-1build2_amd64.deb ...
  #5 20.84 Unpacking libxpm4:amd64 (1:3.5.17-1build2) ...
  #5 20.85 Selecting previously unselected package libgd3:amd64.
  #5 20.85 Preparing to unpack .../150-libgd3_2.3.3-9ubuntu5_amd64.deb ...
  #5 20.85 Unpacking libgd3:amd64 (2.3.3-9ubuntu5) ...
  #5 20.87 Selecting previously unselected package libc-devtools.
  #5 20.87 Preparing to unpack .../151-libc-devtools_2.39-0ubuntu8.6_amd64.deb ...
  #5 20.87 Unpacking libc-devtools (2.39-0ubuntu8.6) ...
  #5 20.88 Selecting previously unselected package libfile-fcntllock-perl.
  #5 20.88 Preparing to unpack .../152-libfile-fcntllock-perl_0.22-4ubuntu5_amd64.deb ...
  #5 20.88 Unpacking libfile-fcntllock-perl (0.22-4ubuntu5) ...
  #5 20.89 Selecting previously unselected package libfl2:amd64.
  #5 20.89 Preparing to unpack .../153-libfl2_2.6.4-8.2build1_amd64.deb ...
  #5 20.90 Unpacking libfl2:amd64 (2.6.4-8.2build1) ...
  #5 20.91 Selecting previously unselected package libfl-dev:amd64.
  #5 20.91 Preparing to unpack .../154-libfl-dev_2.6.4-8.2build1_amd64.deb ...
  #5 20.91 Unpacking libfl-dev:amd64 (2.6.4-8.2build1) ...
  #5 20.92 Selecting previously unselected package libheif-plugin-aomenc:amd64.
  #5 20.92 Preparing to unpack .../155-libheif-plugin-aomenc_1.17.6-1ubuntu4.1_amd64.deb ...
  #5 20.92 Unpacking libheif-plugin-aomenc:amd64 (1.17.6-1ubuntu4.1) ...
  #5 20.93 Selecting previously unselected package libldap-common.
  #5 20.93 Preparing to unpack .../156-libldap-common_2.6.7+dfsg-1~exp1ubuntu8.2_all.deb ...
  #5 20.93 Unpacking libldap-common (2.6.7+dfsg-1~exp1ubuntu8.2) ...
  #5 20.95 Selecting previously unselected package libltdl7:amd64.
  #5 20.95 Preparing to unpack .../157-libltdl7_2.4.7-7build1_amd64.deb ...
  #5 20.95 Unpacking libltdl7:amd64 (2.4.7-7build1) ...
  #5 20.96 Selecting previously unselected package libltdl-dev:amd64.
  #5 20.96 Preparing to unpack .../158-libltdl-dev_2.4.7-7build1_amd64.deb ...
  #5 20.96 Unpacking libltdl-dev:amd64 (2.4.7-7build1) ...
  #5 20.98 Selecting previously unselected package libpkgconf3:amd64.
  #5 20.98 Preparing to unpack .../159-libpkgconf3_1.8.1-2build1_amd64.deb ...
  #5 20.98 Unpacking libpkgconf3:amd64 (1.8.1-2build1) ...
  #5 20.99 Selecting previously unselected package libsasl2-modules:amd64.
  #5 20.99 Preparing to unpack .../160-libsasl2-modules_2.1.28+dfsg1-5ubuntu3.1_amd64.deb ...
  #5 21.00 Unpacking libsasl2-modules:amd64 (2.1.28+dfsg1-5ubuntu3.1) ...
  #5 21.01 Selecting previously unselected package libtcl8.6:amd64.
  #5 21.01 Preparing to unpack .../161-libtcl8.6_8.6.14+dfsg-1build1_amd64.deb ...
  #5 21.01 Unpacking libtcl8.6:amd64 (8.6.14+dfsg-1build1) ...
  #5 21.05 Selecting previously unselected package libtool.
  #5 21.05 Preparing to unpack .../162-libtool_2.4.7-7build1_all.deb ...
  #5 21.05 Unpacking libtool (2.4.7-7build1) ...
  #5 21.07 Selecting previously unselected package lua-filesystem:amd64.
  #5 21.07 Preparing to unpack .../163-lua-filesystem_1.8.0-3_amd64.deb ...
  #5 21.07 Unpacking lua-filesystem:amd64 (1.8.0-3) ...
  #5 21.08 Selecting previously unselected package lua-lpeg:amd64.
  #5 21.09 Preparing to unpack .../164-lua-lpeg_1.0.2-2_amd64.deb ...
  #5 21.09 Unpacking lua-lpeg:amd64 (1.0.2-2) ...
  #5 21.10 Selecting previously unselected package lua-json.
  #5 21.10 Preparing to unpack .../165-lua-json_1.3.4-2_all.deb ...
  #5 21.10 Unpacking lua-json (1.3.4-2) ...
  #5 21.12 Selecting previously unselected package lua-bit32:amd64.
  #5 21.12 Preparing to unpack .../166-lua-bit32_5.3.0-4_amd64.deb ...
  #5 21.12 Unpacking lua-bit32:amd64 (5.3.0-4) ...
  #5 21.13 Selecting previously unselected package lua-posix:amd64.
  #5 21.13 Preparing to unpack .../167-lua-posix_36.2.1-2_amd64.deb ...
  #5 21.14 Unpacking lua-posix:amd64 (36.2.1-2) ...
  #5 21.19 Selecting previously unselected package lua-term.
  #5 21.19 Preparing to unpack .../168-lua-term_0.07-1_amd64.deb ...
  #5 21.19 Unpacking lua-term (0.07-1) ...
  #5 21.20 Selecting previously unselected package lua5.3.
  #5 21.20 Preparing to unpack .../169-lua5.3_5.3.6-2build2_amd64.deb ...
  #5 21.20 Unpacking lua5.3 (5.3.6-2build2) ...
  #5 21.22 Selecting previously unselected package tcl8.6.
  #5 21.22 Preparing to unpack .../170-tcl8.6_8.6.14+dfsg-1build1_amd64.deb ...
  #5 21.22 Unpacking tcl8.6 (8.6.14+dfsg-1build1) ...
  #5 21.23 Selecting previously unselected package tcl.
  #5 21.23 Preparing to unpack .../171-tcl_8.6.14build1_amd64.deb ...
  #5 21.23 Unpacking tcl (8.6.14build1) ...
  #5 21.24 Selecting previously unselected package lmod.
  #5 21.24 Preparing to unpack .../172-lmod_8.6.19-1_amd64.deb ...
  #5 21.25 Unpacking lmod (8.6.19-1) ...
  #5 21.27 Selecting previously unselected package manpages-dev.
  #5 21.27 Preparing to unpack .../173-manpages-dev_6.7-2_all.deb ...
  #5 21.28 Unpacking manpages-dev (6.7-2) ...
  #5 21.33 Selecting previously unselected package pkgconf-bin.
  #5 21.33 Preparing to unpack .../174-pkgconf-bin_1.8.1-2build1_amd64.deb ...
  #5 21.33 Unpacking pkgconf-bin (1.8.1-2build1) ...
  #5 21.34 Selecting previously unselected package pkgconf:amd64.
  #5 21.34 Preparing to unpack .../175-pkgconf_1.8.1-2build1_amd64.deb ...
  #5 21.34 Unpacking pkgconf:amd64 (1.8.1-2build1) ...
  #5 21.36 Selecting previously unselected package pkg-config:amd64.
  #5 21.36 Preparing to unpack .../176-pkg-config_1.8.1-2build1_amd64.deb ...
  #5 21.36 Unpacking pkg-config:amd64 (1.8.1-2build1) ...
  #5 21.37 Selecting previously unselected package unzip.
  #5 21.37 Preparing to unpack .../177-unzip_6.0-28ubuntu4.1_amd64.deb ...
  #5 21.37 Unpacking unzip (6.0-28ubuntu4.1) ...
  #5 21.39 Setting up libksba8:amd64 (1.6.6-1build1) ...
  #5 21.39 Setting up pinentry-curses (1.2.1-3ubuntu5) ...
  #5 21.40 Setting up media-types (10.1.0) ...
  #5 21.40 Setting up libsharpyuv0:amd64 (1.3.2-0.4build3) ...
  #5 21.40 Setting up libaom3:amd64 (3.8.2-2ubuntu0.1) ...
  #5 21.40 Setting up libxau6:amd64 (1:1.0.9-1build6) ...
  #5 21.41 Setting up lua-lpeg:amd64 (1.0.2-2) ...
  #5 21.41 Setting up libkeyutils1:amd64 (1.6.3-3build1) ...
  #5 21.41 Setting up lto-disabled-list (47) ...
  #5 21.41 Setting up liblerc4:amd64 (4.0.0+ds-4ubuntu2) ...
  #5 21.41 Setting up libgdbm6t64:amd64 (1.23-5.1build1) ...
  #5 21.42 Setting up libgdbm-compat4t64:amd64 (1.23-5.1build1) ...
  #5 21.42 Setting up libmagic-mgc (1:5.45-3build1) ...
  #5 21.42 Setting up gawk (1:5.2.1-2build3) ...
  #5 21.43 Setting up libcbor0.10:amd64 (0.10.2-1.2ubuntu2) ...
  #5 21.43 Setting up manpages (6.7-2) ...
  #5 21.43 Setting up unzip (6.0-28ubuntu4.1) ...
  #5 21.44 Setting up libbrotli1:amd64 (1.1.0-2build2) ...
  #5 21.44 Setting up libsqlite3-0:amd64 (3.45.1-1ubuntu2.5) ...
  #5 21.44 Setting up libsasl2-modules:amd64 (2.1.28+dfsg1-5ubuntu3.1) ...
  #5 21.44 Setting up libuv1t64:amd64 (1.48.0-1.1build1) ...
  #5 21.45 Setting up libmagic1t64:amd64 (1:5.45-3build1) ...
  #5 21.45 Setting up lua5.3 (5.3.6-2build2) ...
  #5 21.45 update-alternatives: using /usr/bin/lua5.3 to provide /usr/bin/lua (lua-interpreter) in auto mode
  #5 21.45 update-alternatives: warning: skip creation of /usr/share/man/man1/lua.1.gz because associated file /usr/share/man/man1/lua5.3.1.gz (of link group lua-interpreter) doesn't exist
  #5 21.45 update-alternatives: using /usr/bin/luac5.3 to provide /usr/bin/luac (lua-compiler) in auto mode
  #5 21.45 update-alternatives: warning: skip creation of /usr/share/man/man1/luac.1.gz because associated file /usr/share/man/man1/luac5.3.1.gz (of link group lua-compiler) doesn't exist
  #5 21.45 Setting up binutils-common:amd64 (2.42-4ubuntu2.5) ...
  #5 21.45 Setting up libpsl5t64:amd64 (0.21.2-1.1build1) ...
  #5 21.46 Setting up libnghttp2-14:amd64 (1.59.0-1ubuntu0.2) ...
  #5 21.46 Setting up lua-term (0.07-1) ...
  #5 21.46 Setting up libdeflate0:amd64 (1.19-1build1.1) ...
  #5 21.46 Setting up less (590-2ubuntu2.1) ...
  #5 21.47 Setting up linux-libc-dev:amd64 (6.8.0-86.87) ...
  #5 21.47 Setting up libctf-nobfd0:amd64 (2.42-4ubuntu2.5) ...
  #5 21.47 Setting up gettext-base (0.21-14ubuntu2) ...
  #5 21.47 Setting up m4 (1.4.19-4build1) ...
  #5 21.47 Setting up lua-json (1.3.4-2) ...
  #5 21.48 Setting up krb5-locales (1.20.1-6ubuntu2.6) ...
  #5 21.48 Setting up file (1:5.45-3build1) ...
  #5 21.48 Setting up libgomp1:amd64 (14.2.0-4ubuntu2~24.04) ...
  #5 21.48 Setting up bzip2 (1.0.8-5.1build0.1) ...
  #5 21.48 Setting up libldap-common (2.6.7+dfsg-1~exp1ubuntu8.2) ...
  #5 21.49 Setting up libjbig0:amd64 (2.1-6.1ubuntu2) ...
  #5 21.49 Setting up libsframe1:amd64 (2.42-4ubuntu2.5) ...
  #5 21.49 Setting up libfakeroot:amd64 (1.33-1) ...
  #5 21.49 Setting up libjansson4:amd64 (2.14-2build2) ...
  #5 21.49 Setting up libkrb5support0:amd64 (1.20.1-6ubuntu2.6) ...
  #5 21.50 Setting up libsasl2-modules-db:amd64 (2.1.28+dfsg1-5ubuntu3.1) ...
  #5 21.50 Setting up tzdata (2025b-0ubuntu0.24.04.1) ...
  #5 21.55
  #5 21.55 Current default time zone: 'Etc/UTC'
  #5 21.56 Local time is now:      Fri Oct 24 15:03:28 UTC 2025.
  #5 21.56 Universal Time is now:  Fri Oct 24 15:03:28 UTC 2025.
  #5 21.56 Run 'dpkg-reconfigure tzdata' if you wish to change it.
  #5 21.56
  #5 21.56 Setting up fakeroot (1.33-1) ...
  #5 21.56 update-alternatives: using /usr/bin/fakeroot-sysv to provide /usr/bin/fakeroot (fakeroot) in auto mode
  #5 21.56 update-alternatives: warning: skip creation of /usr/share/man/man1/fakeroot.1.gz because associated file /usr/share/man/man1/fakeroot-sysv.1.gz (of link group fakeroot) doesn't exist
  #5 21.56 update-alternatives: warning: skip creation of /usr/share/man/man1/faked.1.gz because associated file /usr/share/man/man1/faked-sysv.1.gz (of link group fakeroot) doesn't exist
  #5 21.56 update-alternatives: warning: skip creation of /usr/share/man/es/man1/fakeroot.1.gz because associated file /usr/share/man/es/man1/fakeroot-sysv.1.gz (of link group fakeroot) doesn't exist
  #5 21.56 update-alternatives: warning: skip creation of /usr/share/man/es/man1/faked.1.gz because associated file /usr/share/man/es/man1/faked-sysv.1.gz (of link group fakeroot) doesn't exist
  #5 21.56 update-alternatives: warning: skip creation of /usr/share/man/fr/man1/fakeroot.1.gz because associated file /usr/share/man/fr/man1/fakeroot-sysv.1.gz (of link group fakeroot) doesn't exist
  #5 21.56 update-alternatives: warning: skip creation of /usr/share/man/fr/man1/faked.1.gz because associated file /usr/share/man/fr/man1/faked-sysv.1.gz (of link group fakeroot) doesn't exist
  #5 21.56 update-alternatives: warning: skip creation of /usr/share/man/sv/man1/fakeroot.1.gz because associated file /usr/share/man/sv/man1/fakeroot-sysv.1.gz (of link group fakeroot) doesn't exist
  #5 21.56 update-alternatives: warning: skip creation of /usr/share/man/sv/man1/faked.1.gz because associated file /usr/share/man/sv/man1/faked-sysv.1.gz (of link group fakeroot) doesn't exist
  #5 21.57 Setting up lua-filesystem:amd64 (1.8.0-3) ...
  #5 21.57 Setting up lua-bit32:amd64 (5.3.0-4) ...
  #5 21.57 Setting up autotools-dev (20220109.1) ...
  #5 21.57 Setting up libpkgconf3:amd64 (1.8.1-2build1) ...
  #5 21.57 Setting up rpcsvc-proto (1.4.2-0ubuntu7) ...
  #5 21.58 Setting up gcc-13-base:amd64 (13.3.0-6ubuntu2~24.04) ...
  #5 21.58 Setting up libx11-data (2:1.8.7-1build1) ...
  #5 21.58 Setting up make (4.3-4.1build2) ...
  #5 21.58 Setting up gnupg-l10n (2.4.4-2ubuntu17.3) ...
  #5 21.58 Setting up librtmp1:amd64 (2.4+20151223.gitfa8646d.1-2build7) ...
  #5 21.58 Setting up xz-utils (5.6.1+really5.4.5-1ubuntu0.2) ...
  #5 21.59 update-alternatives: using /usr/bin/xz to provide /usr/bin/lzma (lzma) in auto mode
  #5 21.59 update-alternatives: warning: skip creation of /usr/share/man/man1/lzma.1.gz because associated file /usr/share/man/man1/xz.1.gz (of link group lzma) doesn't exist
  #5 21.59 update-alternatives: warning: skip creation of /usr/share/man/man1/unlzma.1.gz because associated file /usr/share/man/man1/unxz.1.gz (of link group lzma) doesn't exist
  #5 21.59 update-alternatives: warning: skip creation of /usr/share/man/man1/lzcat.1.gz because associated file /usr/share/man/man1/xzcat.1.gz (of link group lzma) doesn't exist
  #5 21.59 update-alternatives: warning: skip creation of /usr/share/man/man1/lzmore.1.gz because associated file /usr/share/man/man1/xzmore.1.gz (of link group lzma) doesn't exist
  #5 21.59 update-alternatives: warning: skip creation of /usr/share/man/man1/lzless.1.gz because associated file /usr/share/man/man1/xzless.1.gz (of link group lzma) doesn't exist
  #5 21.59 update-alternatives: warning: skip creation of /usr/share/man/man1/lzdiff.1.gz because associated file /usr/share/man/man1/xzdiff.1.gz (of link group lzma) doesn't exist
  #5 21.59 update-alternatives: warning: skip creation of /usr/share/man/man1/lzcmp.1.gz because associated file /usr/share/man/man1/xzcmp.1.gz (of link group lzma) doesn't exist
  #5 21.59 update-alternatives: warning: skip creation of /usr/share/man/man1/lzgrep.1.gz because associated file /usr/share/man/man1/xzgrep.1.gz (of link group lzma) doesn't exist
  #5 21.59 update-alternatives: warning: skip creation of /usr/share/man/man1/lzegrep.1.gz because associated file /usr/share/man/man1/xzegrep.1.gz (of link group lzma) doesn't exist
  #5 21.59 update-alternatives: warning: skip creation of /usr/share/man/man1/lzfgrep.1.gz because associated file /usr/share/man/man1/xzfgrep.1.gz (of link group lzma) doesn't exist
  #5 21.59 Setting up perl-modules-5.38 (5.38.2-3.2ubuntu0.2) ...
  #5 21.59 Setting up libquadmath0:amd64 (14.2.0-4ubuntu2~24.04) ...
  #5 21.59 Setting up fonts-dejavu-mono (2.37-8) ...
  #5 21.60 Setting up libpng16-16t64:amd64 (1.6.43-5build1) ...
  #5 21.60 Setting up libmpc3:amd64 (1.3.1-1build1.1) ...
  #5 21.60 Setting up libatomic1:amd64 (14.2.0-4ubuntu2~24.04) ...
  #5 21.60 Setting up patch (2.7.6-7build3) ...
  #5 21.61 Setting up libtcl8.6:amd64 (8.6.14+dfsg-1build1) ...
  #5 21.61 Setting up libjsoncpp25:amd64 (1.9.5-6build1) ...
  #5 21.61 Setting up fonts-dejavu-core (2.37-8) ...
  #5 21.63 Setting up libfl2:amd64 (2.6.4-8.2build1) ...
  #5 21.63 Setting up pkgconf-bin (1.8.1-2build1) ...
  #5 21.63 Setting up libk5crypto3:amd64 (1.20.1-6ubuntu2.6) ...
  #5 21.63 Setting up libjpeg-turbo8:amd64 (2.1.5-2ubuntu2) ...
  #5 21.63 Setting up libltdl7:amd64 (2.4.7-7build1) ...
  #5 21.64 Setting up libsasl2-2:amd64 (2.1.28+dfsg1-5ubuntu3.1) ...
  #5 21.64 Setting up libgfortran5:amd64 (14.2.0-4ubuntu2~24.04) ...
  #5 21.64 Setting up libwebp7:amd64 (1.3.2-0.4build3) ...
  #5 21.64 Setting up libubsan1:amd64 (14.2.0-4ubuntu2~24.04) ...
  #5 21.65 Setting up libicu74:amd64 (74.2-1ubuntu3.1) ...
  #5 21.65 Setting up libhwasan0:amd64 (14.2.0-4ubuntu2~24.04) ...
  #5 21.65 Setting up librhash0:amd64 (1.4.3-3build1) ...
  #5 21.66 Setting up libcrypt-dev:amd64 (1:4.4.36-4build1) ...
  #5 21.66 Setting up libasan8:amd64 (14.2.0-4ubuntu2~24.04) ...
  #5 21.66 Setting up bison (2:3.8.2+dfsg-1build2) ...
  #5 21.67 update-alternatives: using /usr/bin/bison.yacc to provide /usr/bin/yacc (yacc) in auto mode
  #5 21.67 update-alternatives: warning: skip creation of /usr/share/man/man1/yacc.1.gz because associated file /usr/share/man/man1/bison.yacc.1.gz (of link group yacc) doesn't exist
  #5 21.67 Setting up gpgconf (2.4.4-2ubuntu17.3) ...
  #5 21.67 Setting up git-man (1:2.43.0-1ubuntu7.3) ...
  #5 21.67 Setting up netbase (6.4) ...
  #5 21.68 Setting up cmake-data (3.28.3-1build7) ...
  #5 21.68 Setting up libkrb5-3:amd64 (1.20.1-6ubuntu2.6) ...
  #5 21.68 Setting up libperl5.38t64:amd64 (5.38.2-3.2ubuntu0.2) ...
  #5 21.69 Setting up libtsan2:amd64 (14.2.0-4ubuntu2~24.04) ...
  #5 21.69 Setting up libbinutils:amd64 (2.42-4ubuntu2.5) ...
  #5 21.69 Setting up libfido2-1:amd64 (1.14.0-1build3) ...
  #5 21.69 Setting up libisl23:amd64 (0.26-3build1.1) ...
  #5 21.70 Setting up libde265-0:amd64 (1.0.15-1build3) ...
  #5 21.70 Setting up libc-dev-bin (2.39-0ubuntu8.6) ...
  #5 21.70 Setting up openssl (3.0.13-0ubuntu3.6) ...
  #5 21.70 Setting up libbsd0:amd64 (0.12.1-1build1.1) ...
  #5 21.71 Setting up libhiredis1.1.0:amd64 (1.2.0-6ubuntu3) ...
  #5 21.71 Setting up publicsuffix (20231001.0357-0.1) ...
  #5 21.71 Setting up libxml2:amd64 (2.9.14+dfsg-1.3ubuntu3.5) ...
  #5 21.71 Setting up libcc1-0:amd64 (14.2.0-4ubuntu2~24.04) ...
  #5 21.71 Setting up libldap2:amd64 (2.6.7+dfsg-1~exp1ubuntu8.2) ...
  #5 21.72 Setting up liblocale-gettext-perl (1.07-6ubuntu5) ...
  #5 21.72 Setting up gpg (2.4.4-2ubuntu17.3) ...
  #5 21.72 Setting up liblsan0:amd64 (14.2.0-4ubuntu2~24.04) ...
  #5 21.72 Setting up libitm1:amd64 (14.2.0-4ubuntu2~24.04) ...
  #5 21.72 Setting up gnupg-utils (2.4.4-2ubuntu17.3) ...
  #5 21.73 Setting up libctf0:amd64 (2.42-4ubuntu2.5) ...
  #5 21.73 Setting up libjpeg8:amd64 (8c-2ubuntu11) ...
  #5 21.73 Setting up manpages-dev (6.7-2) ...
  #5 21.73 Setting up libxdmcp6:amd64 (1:1.1.3-0ubuntu6) ...
  #5 21.73 Setting up flex (2.6.4-8.2build1) ...
  #5 21.74 Setting up tcl8.6 (8.6.14+dfsg-1build1) ...
  #5 21.74 Setting up libxcb1:amd64 (1.15-1ubuntu2) ...
  #5 21.74 Setting up gettext (0.21-14ubuntu2) ...
  #5 21.74 Setting up gpg-agent (2.4.4-2ubuntu17.3) ...
  #5 21.98 Setting up libpython3.12-stdlib:amd64 (3.12.3-1ubuntu0.8) ...
  #5 21.99 Setting up wget (1.21.4-1ubuntu4.1) ...
  #5 21.99 Setting up cpp-13-x86-64-linux-gnu (13.3.0-6ubuntu2~24.04) ...
  #5 21.99 Setting up fontconfig-config (2.15.0-1.1ubuntu2) ...
  #5 22.09 Setting up python3.12 (3.12.3-1ubuntu0.8) ...
  #5 22.53 Setting up libedit2:amd64 (3.1-20230828-1build1) ...
  #5 22.53 Setting up gpgsm (2.4.4-2ubuntu17.3) ...
  #5 22.53 Setting up ccache (4.9.1-1) ...
  #5 22.53 Updating symlinks in /usr/lib/ccache ...
  #5 22.54 Setting up lua-posix:amd64 (36.2.1-2) ...
  #5 22.54 Setting up libfl-dev:amd64 (2.6.4-8.2build1) ...
  #5 22.54 Setting up pkgconf:amd64 (1.8.1-2build1) ...
  #5 22.54 Setting up dirmngr (2.4.4-2ubuntu17.3) ...
  #5 22.62 Setting up ca-certificates (20240203) ...
  #5 22.94 Updating certificates in /etc/ssl/certs...
  #5 23.34 146 added, 0 removed; done.
  #5 23.35 Setting up perl (5.38.2-3.2ubuntu0.2) ...
  #5 23.36 Setting up libgprofng0:amd64 (2.42-4ubuntu2.5) ...
  #5 23.36 Setting up libfreetype6:amd64 (2.13.2+dfsg-1build3) ...
  #5 23.36 Setting up libgssapi-krb5-2:amd64 (1.20.1-6ubuntu2.6) ...
  #5 23.37 Setting up pkg-config:amd64 (1.8.1-2build1) ...
  #5 23.37 Setting up keyboxd (2.4.4-2ubuntu17.3) ...
  #5 23.43 Setting up libdpkg-perl (1.22.6ubuntu6.5) ...
  #5 23.43 Setting up libssh-4:amd64 (0.10.6-2ubuntu0.1) ...
  #5 23.43 Setting up autoconf (2.71-3) ...
  #5 23.44 Setting up libgcc-13-dev:amd64 (13.3.0-6ubuntu2~24.04) ...
  #5 23.44 Setting up libtiff6:amd64 (4.5.1+git230720-4ubuntu2.4) ...
  #5 23.44 Setting up tcl (8.6.14build1) ...
  #5 23.44 Setting up gnupg (2.4.4-2ubuntu17.3) ...
  #5 23.44 Setting up libc6-dev:amd64 (2.39-0ubuntu8.6) ...
  #5 23.45 Setting up libx11-6:amd64 (2:1.8.7-1build1) ...
  #5 23.45 Setting up libfontconfig1:amd64 (2.15.0-1.1ubuntu2) ...
  #5 23.45 Setting up libgfortran-13-dev:amd64 (13.3.0-6ubuntu2~24.04) ...
  #5 23.45 Setting up libarchive13t64:amd64 (3.7.2-2ubuntu0.5) ...
  #5 23.45 Setting up libxmuu1:amd64 (2:1.1.3-3build2) ...
  #5 23.45 Setting up libstdc++-13-dev:amd64 (13.3.0-6ubuntu2~24.04) ...
  #5 23.46 Setting up libpython3-stdlib:amd64 (3.12.3-0ubuntu2) ...
  #5 23.46 Setting up binutils-x86-64-linux-gnu (2.42-4ubuntu2.5) ...
  #5 23.46 Setting up cpp-x86-64-linux-gnu (4:13.2.0-7ubuntu1) ...
  #5 23.46 Setting up automake (1:1.16.5-1.3ubuntu1) ...
  #5 23.47 update-alternatives: using /usr/bin/automake-1.16 to provide /usr/bin/automake (automake) in auto mode
  #5 23.47 update-alternatives: warning: skip creation of /usr/share/man/man1/automake.1.gz because associated file /usr/share/man/man1/automake-1.16.1.gz (of link group automake) doesn't exist
  #5 23.47 update-alternatives: warning: skip creation of /usr/share/man/man1/aclocal.1.gz because associated file /usr/share/man/man1/aclocal-1.16.1.gz (of link group automake) doesn't exist
  #5 23.47 Setting up libxpm4:amd64 (1:3.5.17-1build2) ...
  #5 23.47 Setting up gpg-wks-client (2.4.4-2ubuntu17.3) ...
  #5 23.47 Setting up cpp-13 (13.3.0-6ubuntu2~24.04) ...
  #5 23.48 Setting up libcurl4t64:amd64 (8.5.0-2ubuntu10.6) ...
  #5 23.48 Setting up libfile-fcntllock-perl (0.22-4ubuntu5) ...
  #5 23.49 Setting up libalgorithm-diff-perl (1.201-1) ...
  #5 23.49 Setting up lmod (8.6.19-1) ...
  #5 23.49 Setting up openssh-client (1:9.6p1-3ubuntu13.14) ...
  #5 23.53 Setting up gcc-13-x86-64-linux-gnu (13.3.0-6ubuntu2~24.04) ...
  #5 23.53 Setting up libcurl3t64-gnutls:amd64 (8.5.0-2ubuntu10.6) ...
  #5 23.53 Setting up libxext6:amd64 (2:1.3.4-1build2) ...
  #5 23.53 Setting up python3 (3.12.3-0ubuntu2) ...
  #5 23.59 Setting up binutils (2.42-4ubuntu2.5) ...
  #5 23.59 Setting up gfortran-13-x86-64-linux-gnu (13.3.0-6ubuntu2~24.04) ...
  #5 23.59 Setting up dpkg-dev (1.22.6ubuntu6.5) ...
  #5 23.59 Setting up liberror-perl (0.17029-2) ...
  #5 23.59 Setting up libltdl-dev:amd64 (2.4.7-7build1) ...
  #5 23.60 Setting up gcc-13 (13.3.0-6ubuntu2~24.04) ...
  #5 23.60 Setting up git (1:2.43.0-1ubuntu7.3) ...
  #5 23.60 Setting up xauth (1:1.1.2-1build1) ...
  #5 23.61 Setting up cpp (4:13.2.0-7ubuntu1) ...
  #5 23.61 Setting up cmake (3.28.3-1build7) ...
  #5 23.61 Setting up curl (8.5.0-2ubuntu10.6) ...
  #5 23.62 Setting up libalgorithm-diff-xs-perl:amd64 (0.04-8build3) ...
  #5 23.62 Setting up libalgorithm-merge-perl (0.08-5) ...
  #5 23.62 Setting up g++-13-x86-64-linux-gnu (13.3.0-6ubuntu2~24.04) ...
  #5 23.62 Setting up gcc-x86-64-linux-gnu (4:13.2.0-7ubuntu1) ...
  #5 23.62 Setting up libtool (2.4.7-7build1) ...
  #5 23.62 Setting up gfortran-x86-64-linux-gnu (4:13.2.0-7ubuntu1) ...
  #5 23.63 Setting up gcc (4:13.2.0-7ubuntu1) ...
  #5 23.63 Setting up gfortran-13 (13.3.0-6ubuntu2~24.04) ...
  #5 23.63 Setting up g++-x86-64-linux-gnu (4:13.2.0-7ubuntu1) ...
  #5 23.64 Setting up g++-13 (13.3.0-6ubuntu2~24.04) ...
  #5 23.64 Setting up gfortran (4:13.2.0-7ubuntu1) ...
  #5 23.64 update-alternatives: using /usr/bin/gfortran to provide /usr/bin/f95 (f95) in auto mode
  #5 23.64 update-alternatives: warning: skip creation of /usr/share/man/man1/f95.1.gz because associated file /usr/share/man/man1/gfortran.1.gz (of link group f95) doesn't exist
  #5 23.64 update-alternatives: using /usr/bin/gfortran to provide /usr/bin/f77 (f77) in auto mode
  #5 23.64 update-alternatives: warning: skip creation of /usr/share/man/man1/f77.1.gz because associated file /usr/share/man/man1/gfortran.1.gz (of link group f77) doesn't exist
  #5 23.64 Setting up g++ (4:13.2.0-7ubuntu1) ...
  #5 23.65 update-alternatives: using /usr/bin/g++ to provide /usr/bin/c++ (c++) in auto mode
  #5 23.65 update-alternatives: warning: skip creation of /usr/share/man/man1/c++.1.gz because associated file /usr/share/man/man1/g++.1.gz (of link group c++) doesn't exist
  #5 23.65 Setting up build-essential (12.10ubuntu1) ...
  #5 23.65 Setting up libheif1:amd64 (1.17.6-1ubuntu4.1) ...
  #5 23.65 Setting up libgd3:amd64 (2.3.3-9ubuntu5) ...
  #5 23.65 Setting up libc-devtools (2.39-0ubuntu8.6) ...
  #5 23.66 Setting up libheif-plugin-aomdec:amd64 (1.17.6-1ubuntu4.1) ...
  #5 23.66 Setting up libheif-plugin-libde265:amd64 (1.17.6-1ubuntu4.1) ...
  #5 23.66 Setting up libheif-plugin-aomenc:amd64 (1.17.6-1ubuntu4.1) ...
  #5 23.66 Processing triggers for libc-bin (2.39-0ubuntu8.6) ...
  #5 23.68 Processing triggers for ca-certificates (20240203) ...
  #5 23.68 Updating certificates in /etc/ssl/certs...
  #5 24.01 0 added, 0 removed; done.
  #5 24.01 Running hooks in /etc/ca-certificates/update.d...
  #5 24.01 done.
  #5 DONE 24.3s
  #6 [3/9] RUN git clone --depth 1 --branch v1.0.0 https://github.com/spack/spack.git /opt/spack &&             chown -R root:root /opt/spack &&             chmod -R a+rX /opt/spack
  #6 0.097 Cloning into '/opt/spack'...
  #6 1.245 Note: switching to '73eaea13f381e3495299284856fd02a64e1d154c'.
  #6 1.245
  #6 1.245 You are in 'detached HEAD' state. You can look around, make experimental
  #6 1.245 changes and commit them, and you can discard any commits you make in this
  #6 1.245 state without impacting any branches by switching back to a branch.
  #6 1.245
  #6 1.245 If you want to create a new branch to retain commits you create, you may
  #6 1.245 do so (now or later) by using -c with the switch command. Example:
  #6 1.245
  #6 1.245   git switch -c <new-branch-name>
  #6 1.245
  #6 1.245 Or undo this operation with:
  #6 1.245
  #6 1.245   git switch -
  #6 1.245
  #6 1.245 Turn off this advice by setting config variable advice.detachedHead to false
  #6 1.245
  #6 DONE 1.4s
  #7 [4/9] RUN echo 'source /opt/spack/share/spack/setup-env.sh' >> /etc/profile.d/spack.sh &&             chmod 644 /etc/profile.d/spack.sh
  #7 DONE 0.2s
  #8 [5/9] RUN mkdir -p /root/spack-project                      /opt/spack/share/spack/templates                      /opt/slurm                      /root/.cache/spack
  #8 DONE 0.2s
  #9 [6/9] RUN cat > /root/spack-project/spack.yaml << 'SPACK_YAML_EOF'
  #9 DONE 0.2s
  #10 [7/9] RUN mkdir -p /opt/spack/share/spack/templates/modules &&             cat > /opt/spack/share/spack/templates/modules/relocatable_modulefile.lua << 'MODULE_TEMPLATE_EOF'
  #10 DONE 0.2s
  #11 [8/9] WORKDIR /root/spack-project
  #11 DONE 0.0s
  #12 [9/9] RUN bash -c "source /opt/spack/share/spack/setup-env.sh &&             spack env activate . &&             echo 'Removing stale lock file...' &&             rm -f spack.lock &&             echo 'Starting Spack concretization...' &&             spack concretize -j $(nproc) -f --fresh &&             echo 'Installing Slurm and dependencies...' &&             spack install -j$(nproc) --only-concrete -f --verbose -p 4 --no-cache &&             echo 'Running garbage collection...' &&             spack gc -y &&             echo 'Generating Lmod modules...' &&             
spack module lmod refresh --delete-tree -y &&             spack module lmod refresh -y &&             echo 'Copying generated modules to /opt/slurm/modules...' &&             mkdir -p /opt/slurm/modules &&             SPACK_ROOT_PATH=$(spack location -r) &&             echo 'Searching for module files in:' $$SPACK_ROOT_PATH/share/spack/lmod &&             find $$SPACK_ROOT_PATH/share/spack/lmod -type f -name '*.lua' | while read -r file; do                 if echo "$$file" | grep -q slurm; then                     echo "Found module: $$file";                     cp "$$file" 
/opt/slurm/modules/;                 fi;             done &&             ls -la /opt/slurm/modules/ &&             echo 'Slurm build complete!'"
  #12 0.671 module:: -c: line 2: syntax error: unexpected end of file
  #12 ERROR: process "/bin/sh -c bash -c \"source /opt/spack/share/spack/setup-env.sh &&             spack env activate . &&             echo 'Removing stale lock file...' &&             rm -f spack.lock &&             echo 'Starting Spack concretization...' &&             spack concretize -j $(nproc) -f --fresh &&             echo 'Installing Slurm and dependencies...' &&             spack install -j$(nproc) --only-concrete -f --verbose -p 4 --no-cache &&             echo 'Running garbage collection...' &&             spack gc -y &&             echo 'Generating Lmod modules...'
&&             spack module lmod refresh --delete-tree -y &&             spack module lmod refresh -y &&             echo 'Copying generated modules to /opt/slurm/modules...' &&             mkdir -p /opt/slurm/modules &&             SPACK_ROOT_PATH=$(spack location -r) &&             echo 'Searching for module files in:' $$SPACK_ROOT_PATH/share/spack/lmod &&             find $$SPACK_ROOT_PATH/share/spack/lmod -type f -name '*.lua' | while read -r file; do                 if echo \"$$file\" | grep -q slurm; then                     echo \"Found module: $$file\";                  
cp \"$$file\" /opt/slurm/modules/;                 fi;             done &&             ls -la /opt/slurm/modules/ &&             echo 'Slurm build complete!'\"" did not complete successfully: exit code: 2
  ------
   > [9/9] RUN bash -c "source /opt/spack/share/spack/setup-env.sh &&             spack env activate . &&             echo 'Removing stale lock file...' &&             rm -f spack.lock &&             echo 'Starting Spack concretization...' &&             spack concretize -j $(nproc) -f --fresh &&             echo 'Installing Slurm and dependencies...' &&             spack install -j$(nproc) --only-concrete -f --verbose -p 4 --no-cache &&             echo 'Running garbage collection...' &&             spack gc -y &&             echo 'Generating Lmod modules...' &&             
spack module lmod refresh --delete-tree -y &&             spack module lmod refresh -y &&             echo 'Copying generated modules to /opt/slurm/modules...' &&             mkdir -p /opt/slurm/modules &&             SPACK_ROOT_PATH=$(spack location -r) &&             echo 'Searching for module files in:' $$SPACK_ROOT_PATH/share/spack/lmod &&             find $$SPACK_ROOT_PATH/share/spack/lmod -type f -name '*.lua' | while read -r file; do                 if echo "$$file" | grep -q slurm; then                     echo "Found module: $$file";                     cp "$$file" 
/opt/slurm/modules/;                 fi;             done &&             ls -la /opt/slurm/modules/ &&             echo 'Slurm build complete!'":
  0.671 module:: -c: line 2: syntax error: unexpected end of file
  ------
  Dockerfile:584
  --------------------
   583 |             # Build Slurm with Spack - this is the expensive operation that gets cached
   584 | >>>         RUN bash -c "source /opt/spack/share/spack/setup-env.sh && \\
   585 | >>>             spack env activate . && \\
   586 | >>>             echo 'Removing stale lock file...' && \\
   587 | >>>             rm -f spack.lock && \\
   588 | >>>             echo 'Starting Spack concretization...' && \\
   589 | >>>             spack concretize -j $(nproc) -f --fresh && \\
   590 | >>>             echo 'Installing Slurm and dependencies...' && \\
   591 | >>>             spack install -j$(nproc) --only-concrete -f --verbose -p 4 --no-cache && \\
   592 | >>>             echo 'Running garbage collection...' && \\
   593 | >>>             spack gc -y && \\
   594 | >>>             echo 'Generating Lmod modules...' && \\
   595 | >>>             spack module lmod refresh --delete-tree -y && \\
   596 | >>>             spack module lmod refresh -y && \\
   597 | >>>             echo 'Copying generated modules to /opt/slurm/modules...' && \\
   598 | >>>             mkdir -p /opt/slurm/modules && \\
   599 | >>>             SPACK_ROOT_PATH=$(spack location -r) && \\
   600 | >>>             echo 'Searching for module files in:' $$SPACK_ROOT_PATH/share/spack/lmod && \\
   601 | >>>             find $$SPACK_ROOT_PATH/share/spack/lmod -type f -name '*.lua' | while read -r file; do \\
   602 | >>>                 if echo "$$file" | grep -q slurm; then \\
   603 | >>>                     echo "Found module: $$file"; \\
   604 | >>>                     cp "$$file" /opt/slurm/modules/; \\
   605 | >>>                 fi; \\
   606 | >>>             done && \\
   607 | >>>             ls -la /opt/slurm/modules/ && \\
   608 | >>>             echo 'Slurm build complete!'"
   609 |
  --------------------
  ERROR: failed to build: failed to solve: process "/bin/sh -c bash -c \"source /opt/spack/share/spack/setup-env.sh &&             spack env activate . &&             echo 'Removing stale lock file...' &&             rm -f spack.lock &&             echo 'Starting Spack concretization...' &&             spack concretize -j $(nproc) -f --fresh &&             echo 'Installing Slurm and dependencies...' &&             spack install -j$(nproc) --only-concrete -f --verbose -p 4 --no-cache &&             echo 'Running garbage collection...' &&             spack gc -y &&             
echo 'Generating Lmod modules...' &&             spack module lmod refresh --delete-tree -y &&             spack module lmod refresh -y &&             echo 'Copying generated modules to /opt/slurm/modules...' &&             mkdir -p /opt/slurm/modules &&             SPACK_ROOT_PATH=$(spack location -r) &&             echo 'Searching for module files in:' $$SPACK_ROOT_PATH/share/spack/lmod &&             find $$SPACK_ROOT_PATH/share/spack/lmod -type f -name '*.lua' | while read -r file; do                 if echo \"$$file\" | grep -q slurm; then                     echo \"Found 
module: $$file\";                     cp \"$$file\" /opt/slurm/modules/;                 fi;             done &&             ls -la /opt/slurm/modules/ &&             echo 'Slurm build complete!'\"" did not complete successfully: exit code: 2
2025-10-24 15:03:33,659 - slurm_factory.utils - ERROR - Docker image build failed with exit code 1
Docker image build failed with exit code 1
2025-10-24 15:03:33,659 - slurm_factory.utils - ERROR - Failed to build Docker image: Docker image build failed with exit code 1
Failed to build Docker image: Docker image build failed with exit code 1
2025-10-24 15:03:33,659 - slurm_factory.utils - ERROR - Failed to create slurm package: Failed to build Docker image: Docker image build failed with exit code 1
Failed to create slurm package: Failed to build Docker image: Docker image build failed with exit code 1
2025-10-24 15:03:33,660 - slurm_factory.builder - ERROR - Failed to create Slurm package: Failed to create slurm package: Failed to build Docker image: Docker image build failed with exit code 1
Failed to create Slurm package: Failed to create slurm package: Failed to build Docker image: Docker image build failed with exit code 1
Build container slurm-factory-25-05-5f645ed7 may be left running for debugging
╭────────────────────────────────────────────────────────────────────────────────────────────────────────────────────────────────────────────────────────────────────────────────────────────────────────────────────────────────────────────────────────────────────────────────── Traceback (most recent call last) ──────────────────────────────────────────────────────────────────────────────────────────────────────────────────────────────────────────────────────────────────────────────────────────────────────────────────────────────────────────────────────────────────────────────────╮
│ /home/bdx/allcode/github/vantagecompute/slurm-factory/slurm_factory/utils.py:141 in _build_docker_image                                                                                                                                                                                                                                                                                                                                                                                                                                                                                               │
│                                                                                                                                                                                                                                                                                                                                                                                                                                                                                                                                                                                                       │
│   138 │   │   │   msg = f"Docker image build failed with exit code {returncode}"               ╭─────────────────────────────────────────────────────────────────────────────────────────────── locals ────────────────────────────────────────────────────────────────────────────────────────────────╮                                                                                                                                                                                                                                                                                              │
│   139 │   │   │   logger.error(msg)                                                            │          cache_dir = '/home/bdx/.slurm-factory'                                                                                                                                                       │                                                                                                                                                                                                                                                                                              │
│   140 │   │   │   console.print(f"[bold red]{msg}[/bold red]")                                 │                cmd = ['docker', 'build', '--no-cache', '-t', 'slurm-factory:build-25-05-5f645ed7-builder', '-f', '-', '/home/bdx/allcode/github/vantagecompute/slurm-factory', '--target', 'builder'] │                                                                                                                                                                                                                                                                                              │
│ ❱ 141 │   │   │   raise SlurmFactoryError(msg)                                                 │        current_dir = PosixPath('/home/bdx/allcode/github/vantagecompute/slurm-factory')                                                                                                               │                                                                                                                                                                                                                                                                                              │
│   142 │   │                                                                                    │ dockerfile_content = '        # Slurm Factory Build Container - Multi-Stage Build\n        # Generated '+17638                                                                                        │                                                                                                                                                                                                                                                                                              │
│   143 │   │   console.print(f"[bold green]✓ Docker image {image_tag} built successfully[/bold  │          image_tag = 'slurm-factory:build-25-05-5f645ed7-builder'                                                                                                                                     │                                                                                                                                                                                                                                                                                              │
│   144 │   │   logger.debug("Docker image built successfully")                                  │               line = 'ERROR: failed to build: failed to solve: process "/bin/sh -c bash -c \\"source /o'+1326                                                                                         │                                                                                                                                                                                                                                                                                              │
│                                                                                                │                msg = 'Failed to build Docker image: Docker image build failed with exit code 1'                                                                                                       │                                                                                                                                                                                                                                                                                              │
│                                                                                                │           no_cache = True                                                                                                                                                                             │                                                                                                                                                                                                                                                                                              │
│                                                                                                │            process = <Popen: returncode: 1 args: ['docker', 'build', '--no-cache', '-t', 'slurm-f...>                                                                                                 │                                                                                                                                                                                                                                                                                              │
│                                                                                                │          repo_root = PosixPath('/home/bdx/allcode/github/vantagecompute/slurm-factory')                                                                                                               │                                                                                                                                                                                                                                                                                              │
│                                                                                                │         returncode = 1                                                                                                                                                                                │                                                                                                                                                                                                                                                                                              │
│                                                                                                │             target = 'builder'                                                                                                                                                                        │                                                                                                                                                                                                                                                                                              │
│                                                                                                │            verbose = False                                                                                                                                                                            │                                                                                                                                                                                                                                                                                              │
│                                                                                                ╰───────────────────────────────────────────────────────────────────────────────────────────────────────────────────────────────────────────────────────────────────────────────────────────────────────╯                                                                                                                                                                                                                                                                                              │
╰───────────────────────────────────────────────────────────────────────────────────────────────────────────────────────────────────────────────────────────────────────────────────────────────────────────────────────────────────────────────────────────────────────────────────────────────────────────────────────────────────────────────────────────────────────────────────────────────────────────────────────────────────────────────────────────────────────────────────────────────────────────────────────────────────────────────────────────────────────────────────────────────────────╯
SlurmFactoryError: Docker image build failed with exit code 1

During handling of the above exception, another exception occurred:

╭────────────────────────────────────────────────────────────────────────────────────────────────────────────────────────────────────────────────────────────────────────────────────────────────────────────────────────────────────────────────────────────────────────────────── Traceback (most recent call last) ──────────────────────────────────────────────────────────────────────────────────────────────────────────────────────────────────────────────────────────────────────────────────────────────────────────────────────────────────────────────────────────────────────────────────╮
│ /home/bdx/allcode/github/vantagecompute/slurm-factory/slurm_factory/utils.py:322 in create_slurm_package                                                                                                                                                                                                                                                                                                                                                                                                                                                                                              │
│                                                                                                                                                                                                                                                                                                                                                                                                                                                                                                                                                                                                       │
│   319 │   │   logger.debug(f"Generated Dockerfile ({len(dockerfile_content)} chars)")          ╭──────────────────────────────────────────────────── locals ─────────────────────────────────────────────────────╮                                                                                                                                                                                                                                                                                                                                                                                    │
│   320 │   │                                                                                    │ additional_variants = '+mcs +certs'                                                                             │                                                                                                                                                                                                                                                                                                                                                                                    │
│   321 │   │   # Build builder stage only                                                       │   builder_image_tag = 'slurm-factory:build-25-05-5f645ed7-builder'                                              │                                                                                                                                                                                                                                                                                                                                                                                    │
│ ❱ 322 │   │   _build_docker_image(                                                             │           cache_dir = '/home/bdx/.slurm-factory'                                                                │                                                                                                                                                                                                                                                                                                                                                                                    │
│   323 │   │   │   builder_image_tag,                                                           │      container_name = 'slurm-factory-25-05-5f645ed7'                                                            │                                                                                                                                                                                                                                                                                                                                                                                    │
│   324 │   │   │   dockerfile_content,                                                          │  dockerfile_content = '        # Slurm Factory Build Container - Multi-Stage Build\n        # Generated '+17638 │                                                                                                                                                                                                                                                                                                                                                                                    │
│   325 │   │   │   cache_dir,                                                                   │         gpu_support = False                                                                                     │                                                                                                                                                                                                                                                                                                                                                                                    │
│                                                                                                │           image_tag = 'slurm-factory:build-25-05-5f645ed7'                                                      │                                                                                                                                                                                                                                                                                                                                                                                    │
│                                                                                                │             minimal = False                                                                                     │                                                                                                                                                                                                                                                                                                                                                                                    │
│                                                                                                │                 msg = 'Failed to create slurm package: Failed to build Docker image: Docker image build'+24     │                                                                                                                                                                                                                                                                                                                                                                                    │
│                                                                                                │            no_cache = True                                                                                      │                                                                                                                                                                                                                                                                                                                                                                                    │
│                                                                                                │  packager_image_tag = 'slurm-factory:build-25-05-5f645ed7-packager'                                             │                                                                                                                                                                                                                                                                                                                                                                                    │
│                                                                                                │          spack_yaml = '# Spack environment for building Slurm 25.05 (optimized for minimal runtime foot'+7330   │                                                                                                                                                                                                                                                                                                                                                                                    │
│                                                                                                │             verbose = False                                                                                     │                                                                                                                                                                                                                                                                                                                                                                                    │
│                                                                                                │              verify = False                                                                                     │                                                                                                                                                                                                                                                                                                                                                                                    │
│                                                                                                │             version = '25.05'                                                                                   │                                                                                                                                                                                                                                                                                                                                                                                    │
│                                                                                                ╰─────────────────────────────────────────────────────────────────────────────────────────────────────────────────╯                                                                                                                                                                                                                                                                                                                                                                                    │
│                                                                                                                                                                                                                                                                                                                                                                                                                                                                                                                                                                                                       │
│ /home/bdx/allcode/github/vantagecompute/slurm-factory/slurm_factory/utils.py:157 in _build_docker_image                                                                                                                                                                                                                                                                                                                                                                                                                                                                                               │
│                                                                                                                                                                                                                                                                                                                                                                                                                                                                                                                                                                                                       │
│   154 │   │   msg = f"Failed to build Docker image: {e}"                                       ╭─────────────────────────────────────────────────────────────────────────────────────────────── locals ────────────────────────────────────────────────────────────────────────────────────────────────╮                                                                                                                                                                                                                                                                                              │
│   155 │   │   logger.error(msg)                                                                │          cache_dir = '/home/bdx/.slurm-factory'                                                                                                                                                       │                                                                                                                                                                                                                                                                                              │
│   156 │   │   console.print(f"[bold red]{escape(msg)}[/bold red]")                             │                cmd = ['docker', 'build', '--no-cache', '-t', 'slurm-factory:build-25-05-5f645ed7-builder', '-f', '-', '/home/bdx/allcode/github/vantagecompute/slurm-factory', '--target', 'builder'] │                                                                                                                                                                                                                                                                                              │
│ ❱ 157 │   │   raise SlurmFactoryError(msg)                                                     │        current_dir = PosixPath('/home/bdx/allcode/github/vantagecompute/slurm-factory')                                                                                                               │                                                                                                                                                                                                                                                                                              │
│   158                                                                                          │ dockerfile_content = '        # Slurm Factory Build Container - Multi-Stage Build\n        # Generated '+17638                                                                                        │                                                                                                                                                                                                                                                                                              │
│   159                                                                                          │          image_tag = 'slurm-factory:build-25-05-5f645ed7-builder'                                                                                                                                     │                                                                                                                                                                                                                                                                                              │
│   160 def _remove_old_docker_image(image_tag: str, verbose: bool = False) -> None:             │               line = 'ERROR: failed to build: failed to solve: process "/bin/sh -c bash -c \\"source /o'+1326                                                                                         │                                                                                                                                                                                                                                                                                              │
│                                                                                                │                msg = 'Failed to build Docker image: Docker image build failed with exit code 1'                                                                                                       │                                                                                                                                                                                                                                                                                              │
│                                                                                                │           no_cache = True                                                                                                                                                                             │                                                                                                                                                                                                                                                                                              │
│                                                                                                │            process = <Popen: returncode: 1 args: ['docker', 'build', '--no-cache', '-t', 'slurm-f...>                                                                                                 │                                                                                                                                                                                                                                                                                              │
│                                                                                                │          repo_root = PosixPath('/home/bdx/allcode/github/vantagecompute/slurm-factory')                                                                                                               │                                                                                                                                                                                                                                                                                              │
│                                                                                                │         returncode = 1                                                                                                                                                                                │                                                                                                                                                                                                                                                                                              │
│                                                                                                │             target = 'builder'                                                                                                                                                                        │                                                                                                                                                                                                                                                                                              │
│                                                                                                │            verbose = False                                                                                                                                                                            │                                                                                                                                                                                                                                                                                              │
│                                                                                                ╰───────────────────────────────────────────────────────────────────────────────────────────────────────────────────────────────────────────────────────────────────────────────────────────────────────╯                                                                                                                                                                                                                                                                                              │
╰───────────────────────────────────────────────────────────────────────────────────────────────────────────────────────────────────────────────────────────────────────────────────────────────────────────────────────────────────────────────────────────────────────────────────────────────────────────────────────────────────────────────────────────────────────────────────────────────────────────────────────────────────────────────────────────────────────────────────────────────────────────────────────────────────────────────────────────────────────────────────────────────────────╯
SlurmFactoryError: Failed to build Docker image: Docker image build failed with exit code 1

During handling of the above exception, another exception occurred:

╭────────────────────────────────────────────────────────────────────────────────────────────────────────────────────────────────────────────────────────────────────────────────────────────────────────────────────────────────────────────────────────────────────────────────── Traceback (most recent call last) ──────────────────────────────────────────────────────────────────────────────────────────────────────────────────────────────────────────────────────────────────────────────────────────────────────────────────────────────────────────────────────────────────────────────────╮
│ /home/bdx/allcode/github/vantagecompute/slurm-factory/slurm_factory/main.py:272 in build                                                                                                                                                                                                                                                                                                                                                                                                                                                                                                              │
│                                                                                                                                                                                                                                                                                                                                                                                                                                                                                                                                                                                                       │
│   269 │   if no_cache:                                                                         ╭────────────────────────────── locals ───────────────────────────────╮                                                                                                                                                                                                                                                                                                                                                                                                                                │
│   270 │   │   console.print("[bold yellow]Building with --no-cache (fresh build)[/bold yellow] │ additional_variants = '+mcs +certs'                                 │                                                                                                                                                                                                                                                                                                                                                                                                                                │
│   271 │                                                                                        │             console = <console width=585 None>                      │                                                                                                                                                                                                                                                                                                                                                                                                                                │
│ ❱ 272 │   builder_build(ctx, slurm_version, gpu, additional_variants, minimal, verify, no_cach │                 ctx = <click.core.Context object at 0x79d3de170b90> │                                                                                                                                                                                                                                                                                                                                                                                                                                │
│   273                                                                                          │                 gpu = False                                         │                                                                                                                                                                                                                                                                                                                                                                                                                                │
│   274                                                                                          │             minimal = False                                         │                                                                                                                                                                                                                                                                                                                                                                                                                                │
│   275 if __name__ == "__main__":                                                               │            no_cache = True                                          │                                                                                                                                                                                                                                                                                                                                                                                                                                │
│                                                                                                │       slurm_version = <SlurmVersion.v25_05: '25.05'>                │                                                                                                                                                                                                                                                                                                                                                                                                                                │
│                                                                                                │              verify = False                                         │                                                                                                                                                                                                                                                                                                                                                                                                                                │
│                                                                                                ╰─────────────────────────────────────────────────────────────────────╯                                                                                                                                                                                                                                                                                                                                                                                                                                │
│                                                                                                                                                                                                                                                                                                                                                                                                                                                                                                                                                                                                       │
│ /home/bdx/allcode/github/vantagecompute/slurm-factory/slurm_factory/builder.py:97 in build                                                                                                                                                                                                                                                                                                                                                                                                                                                                                                            │
│                                                                                                                                                                                                                                                                                                                                                                                                                                                                                                                                                                                                       │
│    94 │                                                                                                                                                                                                                                                                                                                                                                                                                                                                                                                                                                                               │
│    95 │   try:                                                                                                                                                                                                                                                                                                                                                                                                                                                                                                                                                                                        │
│    96 │   │   # Build and run the container - this will handle everything                                                                                                                                                                                                                                                                                                                                                                                                                                                                                                                             │
│ ❱  97 │   │   create_slurm_package(                                                                                                                                                                                                                                                                                                                                                                                                                                                                                                                                                                   │
│    98 │   │   │   container_name=container_name,                                                                                                                                                                                                                                                                                                                                                                                                                                                                                                                                                      │
│    99 │   │   │   image_tag=image_tag,                                                                                                                                                                                                                                                                                                                                                                                                                                                                                                                                                                │
│   100 │   │   │   version=version,                                                                                                                                                                                                                                                                                                                                                                                                                                                                                                                                                                    │
│                                                                                                                                                                                                                                                                                                                                                                                                                                                                                                                                                                                                       │
│ ╭───────────────────────────────────────────────────────────────────────────────────────────────────────────────────────────────────────────────────────────────────────────────────────────────────────────────────────────────────────────────────────────────────────────────────────────── locals ──────────────────────────────────────────────────────────────────────────────────────────────────────────────────────────────────────────────────────────────────────────────────────────────────────────────────────────────────────────────────────────────────────────────────────────────╮ │
│ │ additional_variants = '+mcs +certs'                                                                                                                                                                                                                                                                                                                                                                                                                                                                                                                                                               │ │
│ │             console = <console width=585 None>                                                                                                                                                                                                                                                                                                                                                                                                                                                                                                                                                    │ │
│ │      container_name = 'slurm-factory-25-05-5f645ed7'                                                                                                                                                                                                                                                                                                                                                                                                                                                                                                                                              │ │
│ │                 ctx = <click.core.Context object at 0x79d3de170b90>                                                                                                                                                                                                                                                                                                                                                                                                                                                                                                                               │ │
│ │                 gpu = False                                                                                                                                                                                                                                                                                                                                                                                                                                                                                                                                                                       │ │
│ │           image_tag = 'slurm-factory:build-25-05-5f645ed7'                                                                                                                                                                                                                                                                                                                                                                                                                                                                                                                                        │ │
│ │             minimal = False                                                                                                                                                                                                                                                                                                                                                                                                                                                                                                                                                                       │ │
│ │            no_cache = True                                                                                                                                                                                                                                                                                                                                                                                                                                                                                                                                                                        │ │
│ │              result = CompletedProcess(args=['docker', 'version'], returncode=0, stdout='Client: Docker Engine - Community\n Version:           28.4.0\n API version:       1.51\n Go version:        go1.24.7\n Git commit:        d8eb465\n Built:             Wed Sep  3 20:57:32 2025\n OS/Arch:           linux/amd64\n Context:           default\n\nServer: Docker Engine - Community\n Engine:\n  Version:          28.4.0\n  API version:      1.51 (minimum version 1.24)\n  Go version:       go1.24.7\n  Git commit:       249d679\n  Built:            Wed Sep  3 20:57:32 2025\n    │ │
│ │                       OS/Arch:          linux/amd64\n  Experimental:     false\n containerd:\n  Version:          v1.7.28\n  GitCommit:        b98a3aace656320842a23f4a392a33f46af97866\n runc:\n  Version:          1.3.0\n  GitCommit:        v1.3.0-0-g4ca628d1\n docker-init:\n  Version:          0.19.0\n  GitCommit:        de40ad0\n', stderr='')                                                                                                                                                                                                                                         │ │
│ │        safe_version = '25-05'                                                                                                                                                                                                                                                                                                                                                                                                                                                                                                                                                                     │ │
│ │            settings = Settings(project_name='slurm-factory')                                                                                                                                                                                                                                                                                                                                                                                                                                                                                                                                      │ │
│ │          short_uuid = '5f645ed7'                                                                                                                                                                                                                                                                                                                                                                                                                                                                                                                                                                  │ │
│ │       slurm_version = <SlurmVersion.v25_05: '25.05'>                                                                                                                                                                                                                                                                                                                                                                                                                                                                                                                                              │ │
│ │             verbose = False                                                                                                                                                                                                                                                                                                                                                                                                                                                                                                                                                                       │ │
│ │              verify = False                                                                                                                                                                                                                                                                                                                                                                                                                                                                                                                                                                       │ │
│ │             version = '25.05'                                                                                                                                                                                                                                                                                                                                                                                                                                                                                                                                                                     │ │
│ ╰───────────────────────────────────────────────────────────────────────────────────────────────────────────────────────────────────────────────────────────────────────────────────────────────────────────────────────────────────────────────────────────────────────────────────────────────────────────────────────────────────────────────────────────────────────────────────────────────────────────────────────────────────────────────────────────────────────────────────────────────────────────────────────────────────────────────────────────────────────────────────────────────────╯ │
│                                                                                                                                                                                                                                                                                                                                                                                                                                                                                                                                                                                                       │
│ /home/bdx/allcode/github/vantagecompute/slurm-factory/slurm_factory/utils.py:388 in create_slurm_package                                                                                                                                                                                                                                                                                                                                                                                                                                                                                              │
│                                                                                                                                                                                                                                                                                                                                                                                                                                                                                                                                                                                                       │
│   385 │   │   msg = f"Failed to create slurm package: {e}"                                     ╭──────────────────────────────────────────────────── locals ─────────────────────────────────────────────────────╮                                                                                                                                                                                                                                                                                                                                                                                    │
│   386 │   │   logger.error(msg)                                                                │ additional_variants = '+mcs +certs'                                                                             │                                                                                                                                                                                                                                                                                                                                                                                    │
│   387 │   │   console.print(f"[bold red]{escape(msg)}[/bold red]")                             │   builder_image_tag = 'slurm-factory:build-25-05-5f645ed7-builder'                                              │                                                                                                                                                                                                                                                                                                                                                                                    │
│ ❱ 388 │   │   raise SlurmFactoryError(msg)                                                     │           cache_dir = '/home/bdx/.slurm-factory'                                                                │                                                                                                                                                                                                                                                                                                                                                                                    │
│   389                                                                                          │      container_name = 'slurm-factory-25-05-5f645ed7'                                                            │                                                                                                                                                                                                                                                                                                                                                                                    │
│   390                                                                                          │  dockerfile_content = '        # Slurm Factory Build Container - Multi-Stage Build\n        # Generated '+17638 │                                                                                                                                                                                                                                                                                                                                                                                    │
│   391 def extract_slurm_package_from_image(                                                    │         gpu_support = False                                                                                     │                                                                                                                                                                                                                                                                                                                                                                                    │
│                                                                                                │           image_tag = 'slurm-factory:build-25-05-5f645ed7'                                                      │                                                                                                                                                                                                                                                                                                                                                                                    │
│                                                                                                │             minimal = False                                                                                     │                                                                                                                                                                                                                                                                                                                                                                                    │
│                                                                                                │                 msg = 'Failed to create slurm package: Failed to build Docker image: Docker image build'+24     │                                                                                                                                                                                                                                                                                                                                                                                    │
│                                                                                                │            no_cache = True                                                                                      │                                                                                                                                                                                                                                                                                                                                                                                    │
│                                                                                                │  packager_image_tag = 'slurm-factory:build-25-05-5f645ed7-packager'                                             │                                                                                                                                                                                                                                                                                                                                                                                    │
│                                                                                                │          spack_yaml = '# Spack environment for building Slurm 25.05 (optimized for minimal runtime foot'+7330   │                                                                                                                                                                                                                                                                                                                                                                                    │
│                                                                                                │             verbose = False                                                                                     │                                                                                                                                                                                                                                                                                                                                                                                    │
│                                                                                                │              verify = False                                                                                     │                                                                                                                                                                                                                                                                                                                                                                                    │
│                                                                                                │             version = '25.05'                                                                                   │                                                                                                                                                                                                                                                                                                                                                                                    │
│                                                                                                ╰─────────────────────────────────────────────────────────────────────────────────────────────────────────────────╯                                                                                                                                                                                                                                                                                                                                                                                    │
╰───────────────────────────────────────────────────────────────────────────────────────────────────────────────────────────────────────────────────────────────────────────────────────────────────────────────────────────────────────────────────────────────────────────────────────────────────────────────────────────────────────────────────────────────────────────────────────────────────────────────────────────────────────────────────────────────────────────────────────────────────────────────────────────────────────────────────────────────────────────────────────────────────────╯
SlurmFactoryError: Failed to create slurm package: Failed to build Docker image: Docker image build failed with exit code 1
